Theta,Phi_r,v_alh (q),m_alh (q),s_alh (q),Bay (q),Bay Lower,Bay Upper,,
12.67462507,0.671479801,0.014061917,0.076554735,2.834704774,0.023034403,0.014524566,0.036098781,,Model 1
39.938344,0.726216416,0.090863843,0.241227598,2.859934775,0.028404959,0.017102859,0.047006989,,Model 2
29.29194902,0.669157252,0.051471231,0.176923372,2.848937669,0.028094726,0.019137214,0.042524113,,Model 3
5.094221904,0.706965967,0.016331715,0.0307691,2.846010863,0.022622316,0.012050074,0.039478176,,Bay's Model
74.9874289,0.647618834,0.155962145,0.452924071,2.901290459,0.045599949,0.028762702,0.070008664,,95% Lower Credible Interval for Bay's Model
4.065098085,0.692419947,0.017909091,0.024553192,2.838032496,0.021608169,0.011930936,0.036864825,,95%Upper Credible Interval for Bay's Model
58.79321635,0.672746597,0.151709056,0.355111027,2.875180844,0.036810977,0.024560368,0.055843457,,
28.26696388,0.652322978,0.048034643,0.170732462,2.844895399,0.028064358,0.01932626,0.041668211,,
17.29163945,0.732370154,0.019629319,0.104441502,2.859331165,0.025406626,0.013734163,0.044396258,,
60.03774462,0.612737938,0.154170448,0.362627978,2.891996878,0.043946714,0.026785204,0.067149753,,
51.70839431,0.670965242,0.13298721,0.312318702,2.869260211,0.034856537,0.023580915,0.052690166,,
28.37306316,0.625443828,0.048385782,0.171373302,2.840106488,0.028567836,0.019297346,0.041749938,,
46.16646734,0.729180172,0.114213746,0.278845463,2.860480494,0.029046526,0.017253567,0.048202126,,
22.16133911,0.63463983,0.030019927,0.133854488,2.833144435,0.025844859,0.017462974,0.037947381,,
77.73268131,0.693761761,0.149337994,0.469505395,2.880985449,0.03896326,0.024655735,0.061019762,,
28.24369023,0.620961683,0.047957764,0.170591889,2.839083738,0.028586704,0.019163287,0.041723123,,
22.06377266,0.658204567,0.029772765,0.133265187,2.839370685,0.025844666,0.017477853,0.038860712,,
67.665034,0.73513998,0.162235343,0.408696805,2.859955453,0.030985928,0.016750198,0.052499777,,
1.583323919,0.621039628,0.023106125,0.009563276,2.797256509,0.016489169,0.007995827,0.027281021,,
24.12105589,0.69839327,0.035280677,0.145691178,2.851296593,0.026366871,0.016771376,0.042171538,,
33.78556986,0.627021814,0.06750425,0.204064842,2.848517173,0.030898682,0.020898955,0.045289883,,
79.40141656,0.659890553,0.144043167,0.479584556,2.900140692,0.04514958,0.028545232,0.069653988,,
85.53976223,0.679319987,0.115556493,0.516660164,2.894508825,0.043532476,0.027431294,0.067601449,,
64.48301702,0.685028879,0.160458937,0.389477423,2.876168024,0.036956792,0.024186457,0.056653051,,
44.32786029,0.688950764,0.10747919,0.267740276,2.861939073,0.031442171,0.021096923,0.048186689,,
57.65593942,0.694804448,0.149219432,0.348241874,2.869170807,0.034143844,0.022404075,0.052728403,,
37.26009465,0.637487209,0.080606987,0.225050972,2.854362726,0.031951036,0.021761883,0.047012805,,
26.89432487,0.657652781,0.04359475,0.162441722,2.844403715,0.027502451,0.018875078,0.041024686,,
85.56192613,0.601006784,0.115426361,0.516794034,2.943894759,0.058390787,0.03188611,0.092579724,,
10.38512061,0.714818586,0.013127046,0.062726128,2.851468185,0.023942576,0.01318687,0.04162785,,
31.17542112,0.725452682,0.058021167,0.188299544,2.858783576,0.027226163,0.016143823,0.045458774,,
80.9180064,0.62620124,0.138356333,0.488744759,2.920701569,0.051577859,0.030390075,0.080413514,,
65.08272875,0.626544681,0.160979333,0.393099682,2.896102575,0.044595522,0.027607422,0.068360423,,
2.619130619,0.601740864,0.020692034,0.015819549,2.788601462,0.015795474,0.006763935,0.027232499,,
2.078970608,0.746191723,0.021906354,0.012556982,2.866476712,0.024464058,0.010418773,0.046632766,,
46.48612164,0.72079823,0.115364262,0.280776175,2.861092253,0.029690016,0.018283109,0.048240612,,
43.58277506,0.651325418,0.104701699,0.263239961,2.862565523,0.033632514,0.022943601,0.050132934,,
39.86923848,0.670184927,0.090599118,0.2408102,2.858654378,0.03130668,0.021484269,0.047136902,,
27.21093857,0.640630059,0.044601324,0.164354069,2.841357578,0.02784626,0.019126363,0.040977091,,
88.79748478,0.688131161,0.094175134,0.536336808,2.891157267,0.042681452,0.026564567,0.066830657,,
24.47885907,0.706813189,0.036299107,0.147852309,2.853480022,0.026398846,0.016363623,0.04289764,,
44.10361858,0.664810535,0.106645845,0.266385856,2.862680181,0.032948586,0.022549065,0.04946664,,
36.44037871,0.731131256,0.077483622,0.220099887,2.859866995,0.027721986,0.016251907,0.0466471,,
15.32244834,0.675649224,0.016691312,0.092547588,2.838547733,0.023925081,0.015281347,0.037460978,,
18.23569372,0.617645809,0.021312106,0.11014359,2.822226779,0.023999681,0.015550993,0.035380505,,
82.64724678,0.692028538,0.130814375,0.499189371,2.884834835,0.040429542,0.025415965,0.063382973,,
77.24517506,0.667123138,0.150700277,0.466560857,2.894179788,0.043233309,0.027669157,0.066489429,,
17.91398752,0.740790542,0.020719473,0.108200485,2.862134173,0.025599821,0.013308052,0.045523907,,
78.80963615,0.656178694,0.146034251,0.476010202,2.901480484,0.045578792,0.028729066,0.070347866,,
18.82675171,0.657885909,0.022451389,0.11371358,2.835827619,0.024734864,0.01646268,0.037294222,,
56.38916896,0.696460339,0.146192782,0.340590581,2.868113735,0.033682213,0.022082179,0.05209576,,
7.315247099,0.677199056,0.014019567,0.044184092,2.83271454,0.021681319,0.012890919,0.035136603,,
79.23326636,0.653464401,0.144621753,0.478568929,2.903410524,0.046189142,0.029024251,0.071245528,,
4.635026952,0.749208899,0.016994895,0.027995563,2.867625999,0.024823373,0.010851037,0.047056182,,
49.94486003,0.642220065,0.127317889,0.301666955,2.871097722,0.036687989,0.024426448,0.054848716,,
70.17403727,0.63838348,0.161815725,0.423851185,2.899098886,0.04512481,0.028314952,0.069283919,,
10.51512628,0.729704939,0.013144859,0.063511363,2.85795423,0.02450821,0.012757596,0.043840472,,
36.40322408,0.59572483,0.077342397,0.219875473,2.850229658,0.033338338,0.020902588,0.049362489,,
3.775513634,0.626514992,0.018412749,0.022804102,2.803508894,0.017794866,0.009574687,0.028430766,,
61.44773196,0.687073505,0.15660569,0.371144301,2.873469678,0.035925748,0.023662777,0.055103008,,
27.67046355,0.620477302,0.046081263,0.1671296,2.838083842,0.028333848,0.018999946,0.041367556,,
50.34557202,0.74859109,0.128634474,0.304087255,2.858394831,0.027959436,0.014540178,0.048769628,,
83.94590434,0.667428839,0.124382546,0.507033262,2.900423448,0.045286499,0.028500828,0.070039035,,
27.52722972,0.68814985,0.045617593,0.166264468,2.851025866,0.027269537,0.018014764,0.042644438,,
4.376472447,0.620154111,0.01739704,0.026433894,2.801159962,0.017707758,0.009378417,0.028333671,,
60.80649909,0.640227232,0.155546225,0.367271255,2.885807358,0.04115209,0.026572784,0.062472324,,
70.81570211,0.690835616,0.161431476,0.427726841,2.878201337,0.037765675,0.024300159,0.058608322,,
86.20817039,0.680710505,0.11154133,0.520697349,2.894151868,0.043451931,0.027323376,0.067548749,,
14.20207893,0.71724703,0.015385873,0.085780557,2.853454743,0.02465737,0.013886138,0.042364191,,
35.29259326,0.637092683,0.073138465,0.213167263,2.851654861,0.031170926,0.021277311,0.045773845,,
75.9726414,0.696891158,0.153874527,0.458874754,2.878446208,0.038047351,0.024065858,0.05966713,,
72.61842539,0.640475789,0.159715591,0.438615289,2.901518954,0.045790912,0.028656187,0.070393391,,
56.23161366,0.686498708,0.145798519,0.339638947,2.87009359,0.034655291,0.02306174,0.053021915,,
24.24316907,0.689342819,0.035626332,0.146428741,2.849178527,0.026437859,0.017236121,0.041567778,,
25.56317616,0.614158166,0.039486702,0.154401584,2.833341071,0.02743006,0.018144068,0.040073864,,
11.16026952,0.680567312,0.013297218,0.067408028,2.837204576,0.022891549,0.014010952,0.036659711,,
82.96683064,0.597057599,0.12929364,0.501119657,2.941254274,0.057774771,0.031337513,0.091514861,,
15.56383632,0.673188393,0.017008195,0.094005571,2.837858676,0.023942492,0.015386957,0.037328978,,
51.55979411,0.703734406,0.132522413,0.311421156,2.864491645,0.031954479,0.020779217,0.050028015,,
52.59162753,0.606532773,0.135697151,0.31765343,2.880129038,0.040942311,0.0251857,0.061862999,,
33.26448971,0.741263403,0.065579883,0.200917518,2.860876492,0.027009908,0.0149713,0.046705773,,
31.72666149,0.666582361,0.059988763,0.191629035,2.850814817,0.028916953,0.019792962,0.043496398,,
60.17295767,0.741217572,0.154420611,0.363444664,2.858411461,0.029475113,0.015703755,0.050578043,,
34.94680002,0.611911195,0.071837654,0.211078672,2.848882377,0.031965557,0.020934659,0.046914613,,
22.9603854,0.743004844,0.032098021,0.138680728,2.862278117,0.026066145,0.013838695,0.045951238,,
35.92185322,0.612191069,0.07551591,0.216967993,2.850575863,0.032423563,0.021210249,0.04764996,,
72.68958699,0.667008746,0.159628097,0.439045105,2.88986821,0.041816271,0.027040479,0.064058516,,
86.98306096,0.741151566,0.106649313,0.525377688,2.856004833,0.031942643,0.014427415,0.057285385,,
57.23552074,0.631409396,0.148243734,0.345702545,2.883001911,0.040657967,0.026123307,0.06150065,,
70.38911029,0.600612543,0.161699875,0.425150226,2.914942438,0.050647425,0.029033834,0.078906492,,
47.95423752,0.718608021,0.120556754,0.289643595,2.861576787,0.030081932,0.018673849,0.048582639,,
56.23408279,0.687919494,0.145804727,0.33965386,2.86980067,0.034512039,0.022940313,0.052823072,,
88.92779911,0.675166138,0.093223198,0.537123907,2.899969626,0.04530456,0.028348333,0.070498739,,
39.45769782,0.600543831,0.089022046,0.238324495,2.856301184,0.034712813,0.021860778,0.051509462,,
5.962922726,0.696842785,0.01525299,0.036016053,2.841335203,0.022283128,0.012460354,0.037958552,,
86.1306226,0.621904594,0.112016824,0.520228961,2.931560277,0.054684048,0.031503837,0.085736655,,
71.37555488,0.740094203,0.161000332,0.431108351,2.857858135,0.030665844,0.015569962,0.052958522,,
35.84793311,0.701899114,0.075235995,0.216521516,2.857527241,0.028814279,0.018731572,0.045552527,,
88.41555483,0.705214473,0.096921431,0.534029951,2.879571931,0.039198616,0.023501218,0.063245991,,
31.09821753,0.63138949,0.057747295,0.187833234,2.845113999,0.029616352,0.020145077,0.043366165,,
33.49081764,0.732245297,0.06641404,0.202284539,2.859844616,0.027325804,0.015854647,0.046225925,,
54.87582179,0.678871188,0.14225143,0.331449964,2.870610603,0.035048821,0.023500939,0.05325477,,
24.69126475,0.728562298,0.036911687,0.149135239,2.858675935,0.026305095,0.015006455,0.044631122,,
62.87143366,0.637359427,0.158659026,0.379743459,2.889435049,0.042317371,0.026994991,0.064482282,,
13.75652736,0.712749843,0.014944221,0.083089425,2.851602806,0.024464161,0.013999749,0.041761471,,
9.722278742,0.68460261,0.013104582,0.058722564,2.837904753,0.022654006,0.013576341,0.036925032,,
48.13902068,0.602734044,0.121198737,0.290759685,2.872442391,0.039019478,0.024150242,0.058660136,,
49.99443142,0.658271266,0.127481622,0.301966366,2.869242343,0.035383602,0.02388747,0.053137981,,
9.598956267,0.623816468,0.013113145,0.057977696,2.81099073,0.020235012,0.012177612,0.030912938,,
86.7758635,0.65108741,0.107982552,0.524126216,2.913676498,0.049333826,0.030290161,0.076726986,,
51.59579918,0.654849514,0.132635259,0.311638627,2.871449951,0.036229196,0.024379962,0.05439666,,
13.59314932,0.669098852,0.014793582,0.082102622,2.8345887,0.023246709,0.014841799,0.036208271,,
28.02982719,0.688605193,0.047253818,0.169300156,2.851438316,0.027388518,0.018089993,0.042811641,,
72.02107925,0.684044123,0.160390138,0.435007319,2.881873591,0.039069929,0.025241727,0.060290311,,
47.09083751,0.601267063,0.117521997,0.284428659,2.870611801,0.038594223,0.023870325,0.057977403,,
16.93335137,0.712007242,0.019036072,0.102277442,2.852322173,0.025014818,0.014662845,0.041879139,,
9.256407486,0.742893012,0.013158179,0.055908701,2.86382535,0.024880713,0.011878511,0.045868452,,
38.7696971,0.649454809,0.086384679,0.23416897,2.856871536,0.031979008,0.021994042,0.047419778,,
30.36732378,0.623168618,0.055176398,0.183418636,2.842787617,0.029499258,0.019872956,0.043108395,,
59.03256172,0.679224243,0.152204271,0.356556673,2.873789121,0.036171649,0.024054752,0.055157414,,
83.27222883,0.704884452,0.127802743,0.502964262,2.877627776,0.03822998,0.023270864,0.061343651,,
22.29572572,0.700837602,0.030362741,0.134666183,2.851026345,0.025966632,0.01624606,0.041863738,,
76.971054,0.69044425,0.151430384,0.464905166,2.8822073,0.03932789,0.024997247,0.061270582,,
82.84157806,0.617953738,0.12989444,0.500363131,2.928579778,0.053917226,0.030990622,0.084509895,,
81.18023395,0.725409954,0.137286168,0.490328613,2.865287895,0.034187734,0.018791307,0.057379943,,
85.6869597,0.661426715,0.114688393,0.517549237,2.905863084,0.046973622,0.029280453,0.072803705,,
75.78977599,0.629660512,0.154286091,0.457770247,2.911056905,0.048776686,0.029459302,0.075405387,,
53.41374049,0.608623012,0.138134642,0.322618993,2.881264468,0.04115734,0.025386583,0.062342965,,
36.88614888,0.660041494,0.079180454,0.222792339,2.85530671,0.030830827,0.021251593,0.046003414,,
44.25190074,0.691356606,0.107197162,0.26728148,2.861797161,0.03126648,0.020919901,0.048161478,,
78.53509574,0.698732772,0.146915358,0.474351978,2.878850251,0.038313988,0.023983864,0.060472418,,
27.12585397,0.745001863,0.044329758,0.163840158,2.862194893,0.026398033,0.01413315,0.046316846,,
14.33355249,0.619029842,0.015524735,0.086574657,2.816436298,0.022223907,0.014007357,0.033216021,,
12.67372963,0.748586382,0.0140613,0.076549327,2.865735021,0.025347136,0.012182306,0.046684991,,
74.42951489,0.697067567,0.157004795,0.44955427,2.877541621,0.037672398,0.023873169,0.058986018,,
68.53371177,0.665878041,0.162280371,0.413943619,2.886320215,0.040662808,0.026510512,0.062065253,,
44.78808069,0.733403022,0.109181991,0.270520007,2.860178763,0.028588323,0.016667534,0.047997806,,
24.73842853,0.703261048,0.037048505,0.149420108,2.852749326,0.026472114,0.016623318,0.042730671,,
60.9851858,0.649460399,0.155849628,0.368350522,2.883501628,0.04015558,0.026249841,0.060840878,,
3.458978769,0.732763734,0.018993795,0.020892232,2.85909054,0.023794044,0.011119279,0.043982333,,
51.14050341,0.698925365,0.131197699,0.308888641,2.864960902,0.032281929,0.021224887,0.050123331,,
35.85826519,0.703939093,0.075275111,0.216583922,2.857692847,0.028735118,0.018585932,0.045606055,,
88.00736704,0.734678267,0.099784993,0.531564497,2.860129271,0.033312002,0.016233953,0.058352787,,
45.68042242,0.664973562,0.112452012,0.275909751,2.864216693,0.033444696,0.022836165,0.05024235,,
49.70409772,0.697414279,0.126519271,0.30021275,2.864413944,0.032090641,0.021223347,0.049722567,,
64.11263971,0.711073612,0.160096398,0.387240344,2.867617706,0.033604227,0.020934963,0.053657115,,
43.6084633,0.665833073,0.104797852,0.263395118,2.862164457,0.03272459,0.0223897,0.049147354,,
20.21117573,0.608185149,0.025366296,0.122075501,2.822640523,0.024847285,0.015956242,0.036567414,,
48.35500619,0.715236028,0.121945603,0.292064237,2.861991806,0.030407355,0.019128664,0.048747284,,
84.98419838,0.602640224,0.118751609,0.513304558,2.941756581,0.057786847,0.031743616,0.091450596,,
36.89198894,0.706907481,0.079202713,0.222827613,2.858329201,0.028818299,0.018503927,0.045860888,,
61.16768595,0.736932182,0.156153016,0.369452823,2.859501887,0.03006389,0.016470657,0.050854362,,
88.023077,0.649188376,0.099676144,0.531659385,2.916428169,0.05016101,0.030612765,0.078131672,,
74.69300817,0.611080814,0.156524794,0.451145769,2.918222168,0.051222661,0.029718683,0.079828007,,
59.31307198,0.631433637,0.152771575,0.358250955,2.886028688,0.041532982,0.026528888,0.062957541,,
66.23968395,0.682691011,0.161744045,0.400087691,2.878213774,0.037722328,0.024703722,0.05785341,,
84.28349232,0.741877856,0.122599933,0.509072294,2.855813848,0.031559991,0.014411459,0.056502779,,
86.3776894,0.674911193,0.110493022,0.521721244,2.897975841,0.044612462,0.028087574,0.069212778,,
87.20713173,0.612741922,0.105186681,0.526731076,2.939331945,0.056952804,0.031944948,0.089830246,,
56.30774654,0.692883062,0.145989512,0.340098789,2.868815031,0.034026846,0.022464496,0.052423409,,
34.62404849,0.709230672,0.070627557,0.209129253,2.857670059,0.028292174,0.017967555,0.04546326,,
11.98378161,0.656394939,0.013643501,0.072382041,2.827923923,0.022342095,0.014262546,0.034322969,,
34.69932012,0.707467588,0.070909409,0.209583894,2.857529259,0.028370456,0.018100824,0.045422422,,
84.86599093,0.64574243,0.119414941,0.512590585,2.914707012,0.049642694,0.030317212,0.077147515,,
80.08173725,0.717982428,0.141597159,0.483693693,2.869171778,0.035320801,0.020501004,0.058013289,,
47.12936959,0.648270828,0.117658617,0.284661392,2.866957813,0.035143508,0.023734211,0.052384247,,
48.33065579,0.635050263,0.121861593,0.291917161,2.869688079,0.036613963,0.024262043,0.054594137,,
27.80283146,0.732000627,0.046511637,0.167929102,2.859602529,0.026655037,0.015208292,0.045349836,,
40.90571011,0.680542464,0.094564474,0.247070489,2.85967586,0.031052956,0.02107567,0.047143043,,
64.30036445,0.639570319,0.160284036,0.388374201,2.890690484,0.042617783,0.02725582,0.064972906,,
36.21876531,0.74069952,0.076641775,0.218761342,2.860562773,0.027303087,0.015242139,0.046950751,,
16.91854849,0.702696443,0.01901211,0.102188033,2.849121789,0.024851961,0.015034708,0.040846907,,
48.67736209,0.629540982,0.123053046,0.294011267,2.870730862,0.037189105,0.024424809,0.055596424,,
20.28032203,0.69083835,0.02552063,0.122493145,2.847113054,0.025466113,0.016245191,0.04042537,,
87.68588004,0.730627834,0.101988677,0.529622715,2.862752739,0.034070323,0.017414172,0.05874076,,
35.13059226,0.703521429,0.072528513,0.212188777,2.857342305,0.028602482,0.01849249,0.045379123,,
81.86984744,0.633284524,0.134347132,0.494493879,2.918087245,0.050730378,0.030384011,0.078876171,,
20.29985969,0.6961608,0.025564385,0.122611153,2.848698859,0.025508211,0.016044145,0.040905141,,
17.02881048,0.691541198,0.019191644,0.102854015,2.845364093,0.024686628,0.015436178,0.03971856,,
55.52110161,0.722923274,0.143973544,0.335347454,2.862434637,0.030862572,0.01865263,0.050222484,,
70.14411705,0.622917432,0.161830815,0.423670467,2.905360178,0.047327369,0.028608592,0.073020328,,
51.00881075,0.704063154,0.130777668,0.308093217,2.864208307,0.031813678,0.020685473,0.049848553,,
20.68161152,0.59945888,0.026432209,0.124916934,2.820952774,0.025027766,0.015766503,0.037052956,,
3.41049266,0.703524877,0.019085631,0.020599376,2.843533547,0.022095083,0.011664119,0.038595499,,
55.64599391,0.744644044,0.144299827,0.336101803,2.85814573,0.028719694,0.015139297,0.049820823,,
11.79335028,0.622334814,0.013548525,0.071231836,2.813737323,0.021163902,0.013058482,0.031950598,,
30.88587483,0.643638245,0.05699626,0.186550684,2.846619319,0.029221825,0.020145466,0.04298217,,
60.82062783,0.685894817,0.155570443,0.367356592,2.873370023,0.035901669,0.023691521,0.055020915,,
8.822109652,0.709160669,0.013260646,0.053285542,2.848453234,0.023439731,0.012952662,0.040410515,,
11.45263318,0.648784188,0.013400884,0.069173904,2.824182373,0.021901386,0.013917619,0.033431589,,
5.549958658,0.698558697,0.01573736,0.03352175,2.841976248,0.022278403,0.012322494,0.038149069,,
89.6471216,0.73512778,0.087831059,0.541468614,2.859826266,0.033403666,0.016040284,0.058840726,,
34.83690917,0.708252547,0.071425185,0.210414931,2.857654835,0.028368168,0.018077593,0.045520816,,
81.5215651,0.705835135,0.135854151,0.492390253,2.876355586,0.037709288,0.022993477,0.060541797,,
26.42270746,0.654634634,0.042115914,0.159593153,2.843263729,0.027375019,0.018793813,0.04068628,,
67.78823086,0.7370184,0.162253666,0.409440914,2.859262493,0.030743831,0.016350863,0.052410734,,
19.71599547,0.63835145,0.024285001,0.119084613,2.830870709,0.024868162,0.016672378,0.036704484,,
44.84922387,0.627141623,0.109407423,0.270889312,2.865187245,0.035710961,0.023536454,0.05301335,,
74.21541654,0.651873244,0.157378555,0.448261116,2.898356965,0.044650129,0.028324653,0.06844513,,
73.4700959,0.696364308,0.1585673,0.443759379,2.877349742,0.037564654,0.023887275,0.05865155,,
71.48526456,0.729277095,0.160905228,0.431770998,2.862397076,0.032268871,0.017961468,0.054152888,,
74.13609717,0.615751459,0.157513344,0.447782027,2.915059154,0.050228296,0.02957834,0.078103333,,
19.03250532,0.721827619,0.022863045,0.114956332,2.856072567,0.025498202,0.014568133,0.043349007,,
43.39946453,0.72167532,0.104014796,0.262132766,2.860467534,0.029162568,0.017927559,0.047595891,,
43.63843271,0.686524652,0.104909995,0.263576134,2.861569946,0.031424067,0.021189649,0.048040684,,
80.14522386,0.713556819,0.141360239,0.484077152,2.871592831,0.036098138,0.021432125,0.058750334,,
26.72026465,0.623500637,0.043046057,0.161390398,2.837195693,0.027863835,0.01870177,0.040720901,,
83.83463041,0.621587582,0.124960027,0.506361168,2.92803531,0.053706778,0.031082253,0.084073162,,
40.57161627,0.729451685,0.093287703,0.245052562,2.860051639,0.028316629,0.016819592,0.047175458,,
60.28083029,0.672711897,0.154617706,0.364096215,2.876488624,0.037258069,0.024776232,0.05655781,,
24.19948011,0.633467831,0.035502435,0.14616486,2.835695226,0.026691614,0.018116221,0.039063335,,
36.92682961,0.702366444,0.079335516,0.223038051,2.858052564,0.02902076,0.018885464,0.045845254,,
63.88208389,0.733975776,0.159855105,0.385847787,2.860344457,0.03071501,0.017019655,0.051626843,,
46.14724277,0.693589404,0.114144342,0.278729346,2.862803332,0.031566554,0.021040434,0.048688041,,
83.76372105,0.649246889,0.125325427,0.505932875,2.911192949,0.048579,0.029957749,0.075344247,,
66.34124693,0.670391796,0.161795773,0.400701131,2.882602308,0.039369706,0.025878686,0.060030609,,
50.7962633,0.712253128,0.130095844,0.30680943,2.863047455,0.031075217,0.019717018,0.049612471,,
79.8002781,0.605703191,0.142629646,0.48199368,2.930220197,0.054619681,0.030725903,0.08582699,,
59.90007499,0.628990799,0.153912203,0.361796453,2.887522243,0.042055305,0.026647431,0.063826324,,
58.25884261,0.667177944,0.15056698,0.351883409,2.876030189,0.037249711,0.02485749,0.056430442,,
22.17341998,0.689219894,0.030050633,0.133927457,2.847835243,0.025924632,0.01675066,0.040821628,,
35.5371269,0.647974166,0.074060859,0.214644246,2.852893716,0.030846742,0.02121942,0.045671132,,
61.49732873,0.641629627,0.156684222,0.371443866,2.886333458,0.041261319,0.02667628,0.06265143,,
80.26125403,0.601639381,0.140923387,0.484777974,2.933337865,0.055555928,0.030870639,0.087498412,,
28.39927263,0.600272836,0.048472691,0.171531607,2.835564458,0.029017138,0.018646241,0.042562079,,
19.39370597,0.638564919,0.023604163,0.117137984,2.830505456,0.024740828,0.016566854,0.036553922,,
53.43263809,0.677746749,0.138189668,0.322733134,2.86966646,0.034749918,0.023368668,0.052749889,,
6.047738829,0.681771405,0.015159827,0.036528343,2.833952632,0.021549196,0.012505598,0.035504634,,
64.30875313,0.672070678,0.160292235,0.388424869,2.880216158,0.038538935,0.025407275,0.058768959,,
63.2824689,0.658977434,0.159172353,0.382226112,2.883337788,0.039835193,0.026169126,0.06059354,,
31.94694279,0.634456571,0.060780766,0.192959534,2.846744814,0.02988883,0.020368955,0.043811602,,
80.3409888,0.657548054,0.140620298,0.485259572,2.902433668,0.045873277,0.028894912,0.070871481,,
45.19630274,0.616791051,0.110683371,0.272985669,2.866250136,0.036565986,0.023609259,0.054551981,,
58.11884556,0.613134336,0.150259585,0.351037827,2.888589214,0.04298568,0.026379334,0.065511793,,
18.86206337,0.641871171,0.02252149,0.113926863,2.830834275,0.024565214,0.016460628,0.036382768,,
37.56063016,0.750076273,0.081755185,0.226866206,2.860966261,0.027006098,0.014305285,0.0474849,,
77.61757862,0.646002925,0.149667047,0.468810175,2.905379103,0.046850396,0.029245494,0.07220921,,
19.16455929,0.740912614,0.023131284,0.115753938,2.862065468,0.025717206,0.013496891,0.045516473,,
35.15169398,0.65623599,0.072607911,0.212316232,2.853158489,0.030391351,0.020966059,0.045184935,,
28.626889,0.663509955,0.049230222,0.17290641,2.847315634,0.027991501,0.019168396,0.042011908,,
13.59991664,0.719222985,0.014799701,0.082143496,2.854078451,0.024612498,0.013684424,0.042651802,,
26.07461263,0.609770124,0.041040642,0.15749066,2.833257826,0.027718286,0.018219873,0.040561944,,
20.94950552,0.623567953,0.027055667,0.126535013,2.82830821,0.025288691,0.016770923,0.037095386,,
83.12342674,0.746729545,0.128533782,0.502065498,2.853105161,0.03057161,0.013142833,0.055782192,,
66.69709241,0.673920738,0.161957007,0.402850438,2.881669188,0.039009587,0.025609801,0.059629212,,
28.44914236,0.602094587,0.048638239,0.17183282,2.835987714,0.029010929,0.01872883,0.042519756,,
68.70051479,0.602572442,0.162266331,0.414951109,2.910949596,0.049505229,0.028697243,0.076807281,,
1.992595773,0.73636665,0.022109513,0.012035278,2.861045185,0.023846472,0.010712333,0.0447133,,
47.38722397,0.731095608,0.11857009,0.286218833,2.860416507,0.029059667,0.017065842,0.048391266,,
22.53011074,0.666526901,0.030967173,0.136081869,2.842063536,0.02600648,0.017478854,0.039422943,,
10.28898646,0.620597357,0.013116684,0.062145478,2.81066114,0.020422616,0.012301339,0.031071406,,
79.53826755,0.724392285,0.143564712,0.480411136,2.865617527,0.034133708,0.01907564,0.05698084,,
17.94064808,0.645707777,0.02076784,0.108361514,2.830901142,0.024259191,0.016163001,0.036096285,,
74.01519837,0.660405487,0.157714978,0.447051798,2.894183225,0.043256633,0.027732152,0.066391235,,
37.19004097,0.701393325,0.080339554,0.224627847,2.858113131,0.029118379,0.01900903,0.045892051,,
1.286169304,0.650188784,0.023865137,0.007768463,2.812899917,0.018229038,0.009882111,0.02951791,,
65.92795464,0.693021041,0.161569586,0.398204846,2.874427321,0.036290905,0.023503916,0.056262832,,
53.67237824,0.73294999,0.138883726,0.324181165,2.86041685,0.029653367,0.017041924,0.04956119,,
30.97546949,0.719271281,0.057312745,0.187091836,2.857847417,0.027353847,0.016634984,0.045068513,,
25.33913405,0.654578683,0.038815951,0.15304837,2.842042801,0.026993541,0.018478998,0.040157468,,
6.632212713,0.640002928,0.014575741,0.040058565,2.814233257,0.019694025,0.011662324,0.030574627,,
84.72830354,0.639625426,0.120180334,0.511758953,2.918311785,0.0507352,0.030591125,0.078946211,,
44.45863962,0.649440783,0.107964119,0.268530183,2.863668429,0.034073953,0.023147234,0.050686431,,
7.697206582,0.671991243,0.013766936,0.046491128,2.830577436,0.021555658,0.012967818,0.034556915,,
78.1811746,0.660022568,0.148011796,0.472214295,2.898775054,0.044716699,0.028357512,0.068917151,,
25.09498555,0.615895426,0.038092092,0.151573713,2.832953034,0.027195011,0.018032038,0.039766079,,
18.32424442,0.620633732,0.021478655,0.110678436,2.82332752,0.024079516,0.01569927,0.035497754,,
25.28436945,0.648559847,0.038652936,0.152717591,2.840623743,0.027022407,0.018534575,0.039976468,,
50.81143127,0.682657174,0.130144659,0.306901045,2.866925194,0.033591521,0.022654447,0.05115465,,
6.665083605,0.687418511,0.014545875,0.040257105,2.837138986,0.021987963,0.012682054,0.03656086,,
43.35812182,0.670853819,0.103859694,0.261883056,2.861791159,0.032331154,0.022105264,0.048750397,,
80.61691006,0.710153527,0.139553223,0.486926137,2.873607507,0.036775365,0.022149476,0.059511774,,
16.93544363,0.709915912,0.019039462,0.10229008,2.851605222,0.024979317,0.014743791,0.041680549,,
29.80698949,0.661738835,0.053233722,0.180034217,2.848199098,0.028414212,0.019515674,0.04251617,,
35.65097685,0.61456299,0.074490971,0.2153319,2.850305823,0.032200355,0.021176611,0.047302085,,
52.75986404,0.677695194,0.136202793,0.318669579,2.869135953,0.034564319,0.023272823,0.05242947,,
82.73288219,0.654556586,0.130410818,0.499706608,2.906815931,0.047237195,0.029469169,0.073165904,,
35.50852874,0.616660817,0.073952884,0.214471514,2.85024207,0.032051517,0.021187029,0.047052568,,
6.223755661,0.747970758,0.014973312,0.037591484,2.866688578,0.024869371,0.011177768,0.046768576,,
31.31557753,0.652733939,0.058519443,0.189146088,2.84845648,0.029149402,0.020099158,0.043320917,,
17.10768713,0.692574144,0.019321559,0.10333043,2.845762718,0.024722842,0.015416434,0.039842119,,
58.65970309,0.671464051,0.151428395,0.354304607,2.875374572,0.036910463,0.024631295,0.055902037,,
2.633589825,0.61742408,0.020660852,0.015906883,2.796967051,0.016747842,0.008249641,0.02753874,,
26.2736974,0.603842588,0.041653903,0.158693132,2.832351086,0.027880495,0.018063135,0.04084249,,
49.06561565,0.692569721,0.124374975,0.296356319,2.864594997,0.032333863,0.021540154,0.049733051,,
24.96007854,0.633636603,0.037695332,0.150758874,2.836804008,0.027007037,0.018362914,0.039504157,,
49.5895755,0.633112562,0.126137449,0.299521036,2.871673377,0.037289436,0.024587515,0.055753204,,
10.324109,0.744105495,0.013120192,0.062357618,2.864232801,0.025018037,0.012030719,0.046099939,,
84.85249392,0.667051926,0.119490315,0.512509063,2.901522616,0.045641773,0.02866168,0.070619771,,
26.18161266,0.599778696,0.041369672,0.15813694,2.831320652,0.02787746,0.017880012,0.040896184,,
83.07007555,0.648079526,0.128793749,0.501743256,2.911039882,0.048535869,0.029936049,0.075239476,,
29.32518956,0.686146884,0.051584287,0.177124145,2.851854674,0.02776211,0.018481521,0.043175568,,
70.36561721,0.64632509,0.161713162,0.425008328,2.89610491,0.044059266,0.028064702,0.067420247,,
22.15686217,0.599378164,0.030008554,0.133827448,2.82369023,0.025792936,0.01631977,0.038064052,,
60.27920122,0.664334833,0.154614746,0.364086375,2.878706576,0.038208056,0.025353294,0.057957006,,
29.13445924,0.611679026,0.050936917,0.175972134,2.838897591,0.029173072,0.019276349,0.042666558,,
45.82432163,0.6915413,0.112975096,0.276778903,2.862741667,0.031633806,0.021174024,0.04871331,,
60.64327312,0.691607753,0.155263624,0.36628537,2.871708032,0.035201398,0.023120368,0.05433649,,
52.99942547,0.601075322,0.136916796,0.32011653,2.881753536,0.041644649,0.025264467,0.063076257,,
51.8652534,0.64042767,0.133475123,0.313266131,2.873859026,0.037594648,0.024863778,0.056387304,,
5.911275209,0.659569583,0.015310771,0.035704102,2.822904982,0.020393815,0.012132467,0.032371671,,
22.4169149,0.680821094,0.030674233,0.135398166,2.845755171,0.025979736,0.017088634,0.040321344,,
51.46553609,0.64126747,0.132226306,0.310851838,2.873210522,0.037363664,0.02474494,0.056001887,,
1.648548649,0.639973357,0.022943524,0.009957234,2.807717078,0.017715786,0.009437594,0.0286269,,
22.55798296,0.748157158,0.031039598,0.136250217,2.863693423,0.026032557,0.013468832,0.046465357,,
20.62667155,0.601713851,0.026305815,0.124585096,2.821500425,0.025012867,0.015828704,0.036959543,,
22.48704991,0.749095466,0.03085551,0.135821781,2.863957034,0.026027945,0.013399108,0.046572095,,
48.20485496,0.602630202,0.121426794,0.291157324,2.872574485,0.039060984,0.024164203,0.058724378,,
52.37643186,0.640065926,0.13504537,0.316353648,2.87459314,0.037829141,0.024983549,0.05674675,,
81.80981949,0.672018297,0.134610192,0.49413131,2.895755261,0.043797434,0.02784282,0.06764872,,
34.74279441,0.617497222,0.071072299,0.209846478,2.849058839,0.031663452,0.021009306,0.046486694,,
83.39210254,0.616182094,0.127207425,0.503688299,2.930567995,0.054496536,0.03118859,0.085495802,,
58.67589105,0.635082258,0.151462592,0.354402382,2.884212057,0.040867493,0.026297373,0.061942336,,
82.13943563,0.746677718,0.133148592,0.496122191,2.853300189,0.030507155,0.013280863,0.055569211,,
75.01248915,0.654346183,0.155912965,0.453075434,2.898117168,0.044547333,0.028279694,0.068443937,,
61.88241991,0.683268797,0.15727703,0.373769816,2.874853906,0.036486542,0.024066391,0.05581123,,
32.04953096,0.704787742,0.061150687,0.193579167,2.856165207,0.027934429,0.017887896,0.044642279,,
21.69994029,0.710689718,0.028864023,0.131067639,2.853469365,0.025867141,0.015614191,0.042567954,,
20.0152292,0.702259174,0.024933372,0.120891984,2.850374278,0.025491522,0.015703121,0.041359599,,
85.69564537,0.647626027,0.114636886,0.517601698,2.914571807,0.049599376,0.030380687,0.077009898,,
86.27164588,0.61258485,0.111150226,0.521080741,2.937790532,0.056535093,0.031781244,0.089083106,,
65.23482362,0.639035084,0.161098025,0.394018335,2.892129919,0.043058301,0.027412728,0.065741879,,
79.54163857,0.627921937,0.143552841,0.480431497,2.917629069,0.050679674,0.030113772,0.07878754,,
82.70965468,0.616404749,0.130520562,0.499566314,2.929275097,0.054136596,0.031044361,0.084885021,,
46.04005769,0.599011691,0.113756959,0.278081948,2.868784651,0.038213978,0.023534669,0.05736849,,
56.61537216,0.740798942,0.14675207,0.341956848,2.858825244,0.029192257,0.015822444,0.04998057,,
37.68790481,0.738512951,0.082241832,0.227634945,2.860322589,0.027539127,0.015593348,0.047140239,,
37.66416879,0.603044886,0.082151059,0.227491579,2.853069492,0.033674961,0.021468475,0.049791429,,
3.458602678,0.62213196,0.018994505,0.02088996,2.80074942,0.017403112,0.009046767,0.028019151,,
39.04393144,0.616906273,0.087435912,0.235825346,2.856084446,0.033690092,0.022132003,0.049666635,,
60.61408304,0.638958289,0.155212541,0.366109062,2.885893485,0.04122117,0.026553236,0.062556509,,
37.97839495,0.626953116,0.083353298,0.229389505,2.854821994,0.032728623,0.021934147,0.048200186,,
78.51687092,0.74237481,0.1469729,0.4742419,2.856136088,0.030959777,0.014638968,0.05480679,,
29.93066572,0.60829692,0.053660301,0.180781221,2.839716362,0.02963121,0.019438043,0.043347289,,
11.94138419,0.628135981,0.013621588,0.072125961,2.816331197,0.021417313,0.0133888,0.032225262,,
73.04028217,0.607760546,0.159174496,0.441163304,2.916799128,0.050927599,0.029398808,0.079266585,,
60.65531265,0.74774796,0.155284646,0.366358088,2.856614959,0.028770929,0.014446605,0.050481602,,
21.76375341,0.738105142,0.029021921,0.131453071,2.861062302,0.025950264,0.014023949,0.045403194,,
48.28061304,0.706707875,0.121688789,0.291614903,2.862783776,0.031053977,0.02007295,0.048954236,,
36.16671047,0.661481404,0.076444215,0.218446931,2.854662595,0.030530218,0.021029139,0.045577465,,
84.49737988,0.624791718,0.121446557,0.510364174,2.927133845,0.053408995,0.031070971,0.083489548,,
54.65988818,0.629663801,0.141661837,0.330145725,2.879570695,0.039738348,0.0256715,0.059886888,,
14.25503351,0.664137025,0.015441338,0.086100402,2.833315072,0.02332596,0.015074863,0.035923098,,
45.19336074,0.714735448,0.110672582,0.272967899,2.861155203,0.029904373,0.018870407,0.047938042,,
77.63011493,0.63639191,0.149631432,0.468885894,2.910344099,0.048448149,0.029582881,0.074985148,,
60.4347003,0.643559222,0.154895004,0.36502559,2.884418438,0.040625284,0.026427597,0.061651232,,
75.82068685,0.688551332,0.154217298,0.457956949,2.882406188,0.039349976,0.025104678,0.061048938,,
22.53593825,0.632190689,0.030982306,0.136117067,2.833020322,0.025998788,0.017553619,0.038110142,,
79.95162393,0.686104417,0.142078077,0.482907809,2.886430387,0.040806513,0.025918782,0.063301433,,
68.00501986,0.655437567,0.162276388,0.41075032,2.889722884,0.041922031,0.027172864,0.064055712,,
65.60223799,0.600547693,0.161362248,0.396237517,2.905811702,0.048189281,0.027970787,0.074498266,,
31.18869628,0.65786032,0.058068303,0.188379726,2.849048451,0.028971706,0.019971726,0.043214363,,
79.88922574,0.738278133,0.142306501,0.482530923,2.85819087,0.03178755,0.015665102,0.055611264,,
57.41814397,0.640808208,0.148671143,0.34680559,2.881154088,0.039749752,0.025932998,0.06011127,,
76.66555292,0.64543272,0.15221391,0.46305994,2.90446273,0.046582918,0.029125168,0.071807434,,
32.48743104,0.605460402,0.062737105,0.196224083,2.843860817,0.030973709,0.020097889,0.045408021,,
13.1086882,0.690901383,0.014383087,0.079176477,2.842753588,0.023722508,0.014440823,0.038548321,,
29.91034622,0.727342112,0.053590129,0.180658491,2.85892629,0.027008769,0.015816308,0.045382207,,
40.97379126,0.650114802,0.094824442,0.247481699,2.859507518,0.032753818,0.022422771,0.048697358,,
48.00666376,0.632582209,0.120739175,0.289960249,2.869460295,0.036669394,0.024252545,0.054741467,,
45.97282941,0.744048805,0.11351362,0.27767589,2.859531405,0.027975776,0.015236794,0.048136711,,
49.14491332,0.711133299,0.124643324,0.296835276,2.862647868,0.030869367,0.019666888,0.049093505,,
75.75351887,0.68345065,0.154366379,0.457551254,2.884831826,0.04014975,0.025749396,0.062008709,,
15.30911216,0.642740649,0.016674167,0.092467037,2.826578623,0.023195401,0.015188584,0.034628621,,
28.44461657,0.629556172,0.048623205,0.171805484,2.840961974,0.02852727,0.019348772,0.041683375,,
79.97476414,0.706569772,0.141993003,0.483047575,2.875328148,0.03727578,0.022748728,0.059883655,,
50.44123841,0.67639034,0.128946418,0.30466508,2.867442676,0.034017551,0.023009027,0.051553607,,
52.50508833,0.676205331,0.135435713,0.317130734,2.869162515,0.03462636,0.023377306,0.052489481,,
43.02562902,0.606669248,0.102609995,0.259874799,2.862876032,0.036175492,0.022970022,0.053969349,,
49.40771715,0.674897461,0.125528589,0.298422612,2.866762188,0.033841492,0.02295486,0.051288839,,
17.82717575,0.723218971,0.020562922,0.107676142,2.856316296,0.025337542,0.014292689,0.043362187,,
49.21802095,0.742521968,0.124890223,0.297276847,2.859271376,0.028367561,0.015500592,0.048629176,,
89.74558151,0.611799781,0.087074754,0.542063312,2.944449834,0.058358567,0.032419167,0.092298474,,
50.94428156,0.693409307,0.130571174,0.307703461,2.865594562,0.032709644,0.021703292,0.050339057,,
3.996221905,0.683634832,0.018026478,0.02413718,2.833415214,0.021098476,0.011875217,0.035268168,,
71.67920799,0.733732624,0.160728518,0.432942416,2.860525822,0.031635013,0.017018412,0.053657682,,
35.68278859,0.712093571,0.074611225,0.215524043,2.85828041,0.02837854,0.017891766,0.045680147,,
13.83085337,0.745394747,0.01501477,0.083538354,2.864270066,0.025342775,0.012516712,0.046217825,,
77.62678256,0.744581063,0.149640904,0.468865767,2.855116161,0.030515724,0.014148241,0.054394965,,
17.817593,0.630316601,0.02054573,0.107618262,2.825700077,0.023989388,0.01583989,0.035410596,,
82.86906509,0.708064596,0.129763122,0.500529153,2.875603532,0.037571615,0.022663271,0.06067847,,
39.76168414,0.677749393,0.090187043,0.240160572,2.858740301,0.030883242,0.021045844,0.046812298,,
66.85117513,0.62859207,0.162017092,0.403781098,2.898080488,0.045095709,0.027880232,0.069193917,,
49.22962653,0.625521629,0.124929373,0.297346944,2.871985612,0.037747733,0.024569601,0.056550368,,
23.09641235,0.607816724,0.03246116,0.139502331,2.827599545,0.026268647,0.017035894,0.03845771,,
60.3981157,0.718986845,0.154829483,0.364804619,2.864284366,0.032026022,0.019493955,0.051822372,,
86.21212958,0.645692944,0.111516986,0.520721263,2.91644929,0.050162731,0.030502089,0.078096306,,
69.26732701,0.728544351,0.162163003,0.418374655,2.862514049,0.032088975,0.018117166,0.053531615,,
54.36161969,0.689853871,0.140836721,0.328344183,2.868219378,0.033854872,0.02251861,0.051946112,,
89.15652974,0.70001735,0.091533917,0.53850544,2.883378099,0.040388787,0.024599969,0.064544,,
23.87940006,0.640584435,0.034602588,0.144231576,2.836986715,0.026531541,0.018115583,0.038984977,,
5.610733912,0.66635499,0.015662859,0.033888833,2.825961845,0.020640318,0.012178507,0.03306547,,
2.89177795,0.659356615,0.020115583,0.017466339,2.81965548,0.019361749,0.010921389,0.031311543,,
63.96190916,0.631873156,0.159939995,0.386329931,2.892685183,0.043441873,0.027316903,0.066299955,,
74.72091283,0.724738893,0.156472662,0.451314313,2.864759092,0.033393966,0.018948476,0.055535588,,
57.15904837,0.691996349,0.14806314,0.345240652,2.869510774,0.034321058,0.02263851,0.052806418,,
81.45239377,0.601024416,0.136147933,0.491972458,2.935970263,0.056275016,0.031071308,0.08881654,,
62.81784426,0.722779088,0.158589424,0.379419779,2.863682687,0.031950391,0.018980832,0.052178853,,
33.38591818,0.611699475,0.066027093,0.201650946,2.846184372,0.031221287,0.020511863,0.045733247,,
16.31324625,0.658015165,0.018070101,0.098532007,2.833191426,0.023875997,0.015696871,0.036268515,,
83.21827307,0.684087574,0.128068834,0.502638369,2.889867672,0.042016394,0.026526693,0.065207737,,
9.3237435,0.596390534,0.013146848,0.056315411,2.798447417,0.019012868,0.010068089,0.030326909,,
48.86895634,0.696792501,0.123707043,0.295168496,2.864041385,0.031953104,0.021171272,0.049536231,,
28.26071327,0.697849777,0.04801399,0.170694708,2.853296346,0.027289348,0.017661167,0.043415442,,
24.42735068,0.696733095,0.036151448,0.147541198,2.851056185,0.026443444,0.016923339,0.042104578,,
58.12513667,0.620635611,0.150273471,0.351075826,2.886834336,0.042186272,0.026376954,0.064176125,,
20.81132437,0.63499195,0.026732609,0.125700399,2.831370914,0.025289594,0.017001611,0.037210975,,
82.47285961,0.633691678,0.131627299,0.498136072,2.918723098,0.050908296,0.030468874,0.079200988,,
36.54395182,0.744586423,0.077877478,0.220725469,2.860804868,0.027170371,0.014860584,0.047258304,,
60.96378121,0.605707386,0.155813614,0.368221238,2.895539595,0.045202237,0.026966674,0.069256837,,
65.49801456,0.661915291,0.161290547,0.395608008,2.884711682,0.04020759,0.026331738,0.061294581,,
61.46475252,0.730767108,0.156632696,0.371247105,2.861218568,0.030816449,0.01755815,0.051269815,,
81.30602168,0.714928909,0.136763591,0.491088371,2.871169393,0.036058559,0.021188154,0.058997306,,
20.80177772,0.723171995,0.026710405,0.125642737,2.856780459,0.025770976,0.014780493,0.043694709,,
7.744909022,0.746488882,0.013738292,0.04677925,2.865702637,0.024911228,0.011463786,0.046483715,,
4.991912754,0.655457938,0.016473852,0.030151153,2.819875512,0.019864913,0.011637616,0.031541443,,
79.00597354,0.643382361,0.145387623,0.47719608,2.908533478,0.047821107,0.029594638,0.07396395,,
87.59583449,0.599970617,0.102597796,0.52907884,2.948509797,0.059639248,0.032229419,0.094818841,,
27.22738871,0.618543013,0.044653918,0.164453428,2.836996635,0.028158876,0.018799494,0.041143283,,
62.41625312,0.68264948,0.158048435,0.376994169,2.875423245,0.036702899,0.024196273,0.056132968,,
0.802150575,0.619731989,0.025165913,0.004844989,2.795311013,0.016048732,0.007481546,0.026955371,,
16.97683591,0.70976906,0.019106715,0.102540089,2.851569254,0.024984511,0.014760389,0.041659259,,
62.03469442,0.600993393,0.157503085,0.374689554,2.898875472,0.0462974,0.027172064,0.071205802,,
5.929842538,0.635576336,0.015289907,0.035816249,2.811147186,0.01919274,0.01117323,0.029917228,,
42.16590449,0.703412506,0.099361409,0.254682063,2.860415512,0.030052239,0.019622818,0.047350104,,
59.63249379,0.634956239,0.153400142,0.360180263,2.88559138,0.04127509,0.026472793,0.062607841,,
68.93623542,0.708595128,0.162233846,0.416374862,2.870175628,0.034829914,0.021686124,0.055450198,,
40.84343224,0.750156419,0.0943266,0.246694331,2.860259165,0.027214635,0.014372103,0.04774789,,
56.72556355,0.719226263,0.147021604,0.342622404,2.863423692,0.031419131,0.019252872,0.05068045,,
48.56180666,0.648389597,0.122657073,0.293313312,2.868685626,0.035666598,0.02399694,0.05320994,,
4.707519487,0.7353321,0.016885873,0.028433418,2.860448109,0.024078868,0.011304131,0.044541094,,
66.85242185,0.603163567,0.162017554,0.403788628,2.9072553,0.048485094,0.028262881,0.074976277,,
15.51257243,0.708011062,0.016939861,0.093695937,2.850421427,0.024673979,0.01452974,0.041227155,,
2.862497811,0.598828955,0.020176324,0.017289487,2.787506867,0.015746603,0.006625303,0.027326379,,
40.60511247,0.622360835,0.093415784,0.245254879,2.858726675,0.034122377,0.022539379,0.050319427,,
77.90738286,0.748868341,0.148829758,0.470560592,2.852893911,0.029824381,0.013026672,0.054120099,,
13.57464939,0.651353692,0.014776911,0.081990882,2.827699952,0.022756862,0.014762693,0.034583466,,
1.157178071,0.722869703,0.024203957,0.006989356,2.853443344,0.022884483,0.010820108,0.042085372,,
9.898131219,0.653719093,0.013099324,0.059784713,2.82449175,0.021515364,0.013467239,0.03324054,,
32.72932029,0.725908427,0.063618368,0.197685095,2.859040669,0.027428386,0.016324991,0.045740368,,
52.2154683,0.745422396,0.134554227,0.315381429,2.858506883,0.028371619,0.015046956,0.049075241,,
17.37109206,0.662969439,0.019764304,0.104921396,2.835977721,0.024316573,0.016017573,0.037101268,,
72.17676045,0.682234734,0.160224597,0.435947633,2.882769152,0.039381174,0.025474461,0.060652011,,
67.79674085,0.693016305,0.162254788,0.409492315,2.875526168,0.036734078,0.023699965,0.056969339,,
62.62772549,0.740660295,0.158337566,0.378271462,2.858352153,0.029767045,0.015788057,0.051084045,,
43.87228275,0.63514938,0.10578377,0.264988588,2.863444773,0.034773022,0.023267717,0.051575081,,
32.86952596,0.690310402,0.064130719,0.198531937,2.854762172,0.028546333,0.01897728,0.044424351,,
33.80279589,0.645726468,0.067568095,0.204168887,2.850550667,0.030276311,0.020851186,0.044663278,,
45.27634815,0.628954803,0.110976715,0.273469143,2.865735853,0.035773149,0.023646718,0.053148281,,
6.958321819,0.608413605,0.014293365,0.042028264,2.799654761,0.018331676,0.009867002,0.029208263,,
61.40749166,0.69178261,0.15654161,0.37090125,2.872122386,0.035365185,0.023196099,0.054628859,,
31.63567896,0.732452501,0.059662578,0.191079501,2.859809574,0.027100165,0.015627067,0.046078368,,
20.22829001,0.649876734,0.025404419,0.122178872,2.834957365,0.025157221,0.016967506,0.037378492,,
25.04943634,0.681195224,0.037957874,0.151298596,2.847819272,0.026697169,0.017747221,0.041344659,,
16.22648568,0.695116019,0.017941192,0.098007973,2.846140635,0.024562023,0.015120856,0.039889932,,
81.1411277,0.659719568,0.13744741,0.490092411,2.902087015,0.045765383,0.028828985,0.070689428,,
15.21337647,0.735760926,0.016552211,0.091888794,2.860512065,0.025236695,0.013209223,0.044809708,,
79.4633507,0.651644703,0.143827477,0.479958638,2.904659756,0.046582718,0.029179242,0.071872004,,
51.50190564,0.614651684,0.132340676,0.31107151,2.877012576,0.039693814,0.02499562,0.059899363,,
78.07058598,0.617609568,0.148345346,0.471546339,2.920778366,0.051765689,0.030209045,0.080740165,,
42.66577952,0.733817445,0.101253094,0.257701308,2.860133539,0.028319003,0.016457539,0.047689699,,
83.48703475,0.748934051,0.12673191,0.50426169,2.851749969,0.03019456,0.012442986,0.055707969,,
19.03416692,0.64015873,0.022866401,0.114966368,2.830522487,0.02461395,0.016501033,0.036424679,,
49.92225776,0.617544584,0.127243155,0.301530437,2.873997059,0.038708753,0.024698606,0.058190433,,
11.32548215,0.670232231,0.013353171,0.068405912,2.832997966,0.022584855,0.014124533,0.035527796,,
40.24982567,0.705602567,0.092056559,0.243108947,2.8596136,0.029542214,0.01913533,0.046829676,,
51.2913327,0.690489893,0.131676458,0.309799649,2.866197601,0.033043588,0.02204586,0.050687731,,
54.51077,0.743192433,0.141250864,0.329245051,2.858568668,0.028766943,0.015413828,0.049543764,,
32.89759172,0.722446239,0.064233412,0.198701454,2.858644661,0.027558701,0.016619842,0.045532432,,
6.870207795,0.730412069,0.014366615,0.041496055,2.858042404,0.024081606,0.011979623,0.043780392,,
58.97934642,0.67948341,0.15209505,0.356235252,2.873683729,0.036128445,0.024010939,0.055056246,,
43.95886744,0.64612402,0.106106703,0.265511559,2.86318552,0.034103174,0.023140305,0.050684236,,
12.319098,0.704390123,0.013832219,0.074407352,2.847757251,0.023949533,0.013948822,0.040265169,,
84.22883725,0.663516653,0.12289167,0.508742177,2.903071436,0.04610155,0.028883085,0.071320091,,
86.0101796,0.63997456,0.11275029,0.519501485,2.919832563,0.051178326,0.030782,0.079776087,,
77.09456518,0.618893319,0.151104599,0.465651174,2.918489597,0.051102057,0.02995816,0.079548707,,
75.94814705,0.677337227,0.153930297,0.458726808,2.887952293,0.041183753,0.026538364,0.063429527,,
8.880414828,0.687665855,0.013243918,0.053637706,2.838707512,0.022560202,0.013315773,0.037186033,,
89.40780986,0.683703052,0.089650931,0.540023172,2.894567843,0.043726084,0.027291892,0.068095485,,
36.03426119,0.613334925,0.075941866,0.217646938,2.850855382,0.032431351,0.021253131,0.047654099,,
14.68090043,0.683890027,0.015910093,0.088672639,2.841094852,0.023936936,0.015000726,0.038153382,,
73.08915554,0.621405235,0.159108309,0.441458499,2.910731788,0.048876863,0.029177249,0.075614048,,
20.31576916,0.698473924,0.025600062,0.122707246,2.849391168,0.025527946,0.015930807,0.041118643,,
47.35577886,0.66201215,0.118459199,0.286028904,2.866100454,0.034203697,0.023232262,0.051364193,,
11.52144587,0.727271504,0.013428385,0.069589533,2.857003441,0.024553814,0.013022893,0.04356901,,
42.71811509,0.71629815,0.101450705,0.258017415,2.860435783,0.029385599,0.018447342,0.047388464,,
50.23273441,0.707913847,0.128265351,0.303405716,2.863402298,0.031335402,0.020151583,0.049468821,,
40.1331564,0.704234693,0.091609915,0.242404265,2.85954004,0.029591167,0.019240738,0.046763309,,
6.253814228,0.682411939,0.014942379,0.037773038,2.834417528,0.021636587,0.012569994,0.035650294,,
43.64451275,0.604709272,0.104932742,0.263612857,2.864046994,0.036607221,0.023090473,0.054667713,,
42.20485591,0.697194185,0.099509075,0.25491733,2.860494913,0.030427088,0.020153143,0.047416068,,
23.54582496,0.667853091,0.033679752,0.142216783,2.843359451,0.026324428,0.017759485,0.039990017,,
82.94414397,0.668262713,0.12940292,0.50098263,2.898974872,0.044820458,0.028314086,0.069261164,,
37.60130994,0.654175854,0.081910704,0.227111912,2.855734587,0.03133592,0.021551776,0.046568966,,
77.77042166,0.739763434,0.149229101,0.469733347,2.857542599,0.03132797,0.015351634,0.05482124,,
9.869744667,0.634014617,0.013099621,0.059613258,2.815850076,0.020747697,0.012782233,0.031530563,,
28.69895558,0.644462097,0.049471091,0.173341692,2.843989949,0.028363445,0.019534199,0.041798014,,
15.86977684,0.745049146,0.017427548,0.095853452,2.863839611,0.025496754,0.012792531,0.046096896,,
36.75697091,0.721259921,0.078688291,0.222012104,2.859228178,0.02818089,0.017225785,0.046311505,,
10.04730185,0.597391846,0.013101239,0.060685703,2.800251923,0.019432866,0.010539498,0.030706297,,
39.69313253,0.736190343,0.089924364,0.23974652,2.860156775,0.02785851,0.015988199,0.047274142,,
31.84836691,0.63046632,0.060425952,0.192364136,2.846070419,0.02995896,0.020354971,0.043873132,,
20.09835425,0.705043103,0.025116226,0.12139406,2.851243824,0.025530115,0.015603256,0.041661309,,
57.79614708,0.681258176,0.149538296,0.349088728,2.872356686,0.035611907,0.023705805,0.054313708,,
85.58203393,0.678727929,0.115308123,0.516915485,2.894912305,0.043656551,0.027522359,0.067849715,,
18.64021262,0.706908558,0.022084853,0.112586884,2.851235299,0.025260071,0.015243657,0.041665051,,
64.06117559,0.627437437,0.16004357,0.386929501,2.894249397,0.044037507,0.027416378,0.067383067,,
66.81428003,0.61994431,0.162003243,0.403558251,2.901136439,0.046231298,0.027999641,0.071106292,,
44.83084648,0.696637602,0.109339687,0.270778313,2.861901575,0.031053138,0.020591844,0.048182856,,
80.79015115,0.640414128,0.138868724,0.487972513,2.912520568,0.049030732,0.029953148,0.075982731,,
86.97510595,0.746746652,0.106700842,0.52532964,2.852446271,0.030856975,0.012810974,0.056671292,,
32.60218068,0.665455242,0.06315474,0.196917171,2.85150798,0.029227908,0.020062295,0.043872294,,
58.59299682,0.612564496,0.151286994,0.353901701,2.889543126,0.043273864,0.026509909,0.065994103,,
59.59913561,0.70191284,0.153335375,0.359978779,2.868450865,0.03380159,0.021767471,0.052857708,,
36.32719736,0.642838386,0.077053524,0.219416272,2.853480911,0.031353097,0.021489447,0.046268472,,
28.5111967,0.618320204,0.048844569,0.172207628,2.83903006,0.028754968,0.019203623,0.041940605,,
84.03697784,0.660991315,0.123906182,0.507583346,2.90440591,0.046506386,0.029109149,0.072029261,,
71.09833944,0.745232986,0.161225094,0.42943397,2.855749218,0.029888929,0.014462056,0.052642212,,
10.30181094,0.659218598,0.013117928,0.062222938,2.827319382,0.021863046,0.013729355,0.033901387,,
10.78956644,0.649245134,0.01319672,0.065168981,2.823589971,0.021672424,0.013683337,0.033145222,,
83.0288492,0.664365594,0.128993864,0.501494249,2.901355321,0.045556178,0.028659087,0.070452532,,
7.326878852,0.597085204,0.01401126,0.044254348,2.794987986,0.017990565,0.009014329,0.029407661,,
61.95792116,0.615910599,0.157389709,0.374225844,2.894396115,0.04448994,0.027151231,0.068047322,,
20.40824222,0.727409371,0.025808281,0.123265783,2.857967702,0.02574189,0.014483191,0.044138577,,
3.166680847,0.747382155,0.019558896,0.019126752,2.866941871,0.024617159,0.010613667,0.04685535,,
5.367379147,0.619775695,0.015967894,0.03241897,2.802530517,0.018140309,0.009881845,0.028725274,,
33.61698933,0.678526573,0.066880191,0.203046616,2.853928634,0.029119658,0.019775182,0.044443487,,
6.982960652,0.745561482,0.014273284,0.042177082,2.865379488,0.024809844,0.011413255,0.046330712,,
53.69752799,0.619564062,0.138956101,0.324333069,2.879884208,0.040272334,0.02544809,0.06086634,,
58.25290602,0.624189776,0.150554014,0.351847552,2.886197778,0.041862841,0.026376087,0.063635357,,
33.61217148,0.739412625,0.066862376,0.203017516,2.860640099,0.027102955,0.015170751,0.046676426,,
66.85902681,0.705004998,0.162019996,0.403828522,2.870694157,0.034914047,0.022022196,0.055105136,,
44.10382682,0.618846016,0.10664662,0.266387114,2.864366279,0.035923335,0.023345141,0.053323069,,
38.72056531,0.65642746,0.086196359,0.233872214,2.857083217,0.031622788,0.021758661,0.047063964,,
36.62892799,0.603955603,0.078200802,0.221238725,2.851226658,0.033110694,0.021181911,0.048870524,,
38.79958386,0.662523691,0.086499237,0.234349487,2.857399413,0.031353128,0.021588648,0.046825793,,
87.10988849,0.716241473,0.105824104,0.526143727,2.871940941,0.036794696,0.021067604,0.060775057,,
61.3266354,0.681398052,0.15641187,0.370412878,2.874974047,0.036556761,0.024160071,0.055818761,,
28.36888624,0.695941994,0.048371938,0.171348073,2.853002109,0.027346394,0.017760328,0.043341524,,
66.04738832,0.646053213,0.161639213,0.398926225,2.890789337,0.042464631,0.027353613,0.064659624,,
29.72406495,0.620313205,0.052948418,0.179533352,2.841320706,0.029272587,0.019631851,0.042731649,,
11.3143417,0.597240955,0.013349183,0.068338624,2.802577456,0.020092889,0.011225925,0.031367448,,
42.78243217,0.722996201,0.101693435,0.25840589,2.860331014,0.028989512,0.017713342,0.047489757,,
67.59214732,0.694263449,0.162222665,0.40825657,2.8749474,0.036516641,0.023563089,0.056737178,,
33.98939198,0.630882385,0.068260583,0.205295928,2.849227735,0.03085531,0.020943217,0.045165659,,
78.22567278,0.660308324,0.147876371,0.472483064,2.898673145,0.044683785,0.028342879,0.068830145,,
34.82574337,0.719904573,0.0713833,0.21034749,2.858738197,0.027937737,0.017117986,0.045774821,,
31.4855123,0.679021749,0.059125432,0.190172494,2.852324176,0.028508607,0.019275001,0.043657469,,
89.84195225,0.641904877,0.086330219,0.542645392,2.92369244,0.052307235,0.031235204,0.08175153,,
43.42248207,0.636773911,0.10410112,0.262271792,2.862772564,0.034486267,0.023151775,0.05114688,,
72.46990887,0.629060742,0.159893278,0.43771825,2.906351879,0.047446742,0.028920327,0.07315824,,
72.44892505,0.723372369,0.159917849,0.437591507,2.865035483,0.033278283,0.019179838,0.054885319,,
83.37324034,0.685737471,0.127301478,0.503574372,2.889000324,0.04175524,0.026318615,0.064956773,,
7.640554901,0.705544855,0.013801788,0.046148952,2.846324666,0.023054098,0.012755604,0.039666641,,
24.40982488,0.729034741,0.036101286,0.147435342,2.858764795,0.026266057,0.014941447,0.044635106,,
69.09732824,0.748755681,0.162203073,0.417347863,2.85468364,0.029236631,0.013812402,0.05203589,,
50.63413432,0.634019646,0.129572557,0.305830171,2.873050053,0.037648811,0.024781062,0.056393392,,
50.36534481,0.623348427,0.128699024,0.304206683,2.874002622,0.038429335,0.024816545,0.057641763,,
14.95937717,0.667086942,0.016238221,0.090354638,2.835092112,0.023622228,0.015280895,0.036460451,,
25.30377127,0.600657091,0.038710646,0.152834778,2.829875178,0.027415845,0.017583098,0.040239215,,
46.92006771,0.718391302,0.116915235,0.283397209,2.861360038,0.029932646,0.018616009,0.048387189,,
24.94632282,0.732713056,0.037655006,0.15067579,2.859659878,0.026309179,0.014768227,0.045087676,,
18.92545134,0.701947777,0.0226479,0.114309726,2.849782522,0.025260326,0.015494773,0.041152323,,
7.898045019,0.636900026,0.013650677,0.047704192,2.814448812,0.020058281,0.012049124,0.030880942,,
14.01534107,0.614362992,0.015195306,0.08465266,2.814159788,0.021956476,0.013648576,0.032944319,,
69.19809862,0.654661636,0.162180265,0.417956516,2.891366702,0.04244857,0.027372509,0.064866028,,
64.69012625,0.724867023,0.160648036,0.390728363,2.863316012,0.031961195,0.018692332,0.052533532,,
4.125031591,0.649322006,0.017808163,0.024915191,2.815761545,0.019219375,0.011029265,0.030511453,,
18.29556768,0.600530012,0.021424558,0.110505229,2.816838936,0.023803994,0.014770325,0.035512519,,
50.44098121,0.637878027,0.128945581,0.304663526,2.872290189,0.037245344,0.0246492,0.055756268,,
29.03650598,0.749235537,0.050605713,0.175380496,2.862658143,0.026469423,0.013936741,0.046716741,,
74.09246424,0.700489658,0.157586645,0.447518484,2.875790217,0.037065971,0.023334372,0.058390268,,
70.64903769,0.735373012,0.161542479,0.426720188,2.859841576,0.031280072,0.016672313,0.053291196,,
80.24225022,0.715769036,0.140995277,0.484663191,2.870415656,0.035731025,0.020988974,0.058462433,,
50.66381084,0.679178178,0.129668545,0.306009417,2.867265661,0.033845879,0.022887806,0.051364042,,
31.68688318,0.618335989,0.059846084,0.191388774,2.844178003,0.03022142,0.020180401,0.044196713,,
54.54582266,0.649449081,0.141347748,0.329456769,2.87575935,0.037786536,0.025089174,0.056879269,,
8.022301177,0.686029979,0.013584428,0.048454699,2.837384955,0.02227115,0.013085486,0.036686339,,
0.862741597,0.730670393,0.024998676,0.005210959,2.857829155,0.02335289,0.010589627,0.04361247,,
1.538416811,0.637005837,0.023218911,0.009292038,2.805943042,0.017483505,0.009195057,0.028287437,,
36.67886441,0.614062901,0.078390879,0.221540341,2.851997321,0.03270796,0.02144798,0.048127142,,
20.52698347,0.682154309,0.026077757,0.12398298,2.844725328,0.025471159,0.016573736,0.039735671,,
14.16039352,0.62266359,0.015342653,0.085528777,2.817530616,0.022237017,0.01411708,0.033197745,,
55.37934141,0.690172291,0.143600403,0.334491222,2.86879864,0.034074155,0.022611366,0.052265747,,
89.55855384,0.636203936,0.088507612,0.540933665,2.927243754,0.05334632,0.031400321,0.083419554,,
15.99778833,0.631137843,0.017608838,0.096626641,2.82336093,0.023230999,0.015157408,0.034554956,,
49.17792818,0.657312527,0.124754882,0.297034686,2.868468787,0.035181458,0.023789272,0.052841029,,
10.77547626,0.687500637,0.013193589,0.065083877,2.839876811,0.023033633,0.013832617,0.037560079,,
84.0812797,0.68005143,0.123673247,0.507850929,2.892921958,0.042991435,0.027169601,0.066794359,,
26.25796517,0.633280685,0.041605274,0.15859811,2.83855237,0.027550532,0.018755566,0.040285225,,
79.0505838,0.733857755,0.145238773,0.477465526,2.860559262,0.032454926,0.016822127,0.055725017,,
25.47687953,0.612297634,0.039227612,0.153880352,2.832783093,0.027405088,0.018086771,0.040041717,,
72.54472322,0.601341153,0.159804599,0.438170128,2.918749979,0.051648552,0.029429165,0.080676004,,
18.84432001,0.688981096,0.022486237,0.113819693,2.845648102,0.025095445,0.015935201,0.03991244,,
26.35104871,0.614402155,0.041893415,0.159160334,2.834711142,0.027801131,0.018428584,0.040637123,,
17.32278289,0.673761011,0.019682082,0.104629609,2.83955598,0.024473289,0.015891992,0.037931753,,
23.78338901,0.743295923,0.034335395,0.14365167,2.862254471,0.026136053,0.013913384,0.046020939,,
75.13791798,0.70389909,0.15566376,0.453833025,2.874677748,0.036750503,0.022890367,0.058414726,,
57.51292478,0.691276244,0.148890804,0.347378066,2.869885485,0.03448165,0.022753722,0.053007609,,
36.5291702,0.684639693,0.077821253,0.220636188,2.856641388,0.02968038,0.020045934,0.045520092,,
87.43689244,0.623136308,0.103664339,0.52811883,2.932864008,0.055032763,0.031677382,0.086370087,,
41.83753744,0.662520002,0.098114955,0.252698726,2.860470852,0.032351928,0.022187069,0.048455283,,
87.27839741,0.648496658,0.10471694,0.52716152,2.915970889,0.050021069,0.030539933,0.077850941,,
17.69282306,0.743498365,0.020323488,0.106864651,2.86305694,0.025619558,0.013131434,0.045803835,,
81.41745844,0.632905028,0.136295616,0.491761449,2.917647965,0.050609048,0.030330061,0.078631804,,
1.243998369,0.668567947,0.023975283,0.00751375,2.82306434,0.019397979,0.010596527,0.032036503,,
49.07728821,0.741165149,0.124414511,0.296426821,2.859431051,0.028463373,0.015709007,0.048586199,,
38.07471549,0.71799651,0.083722038,0.229971282,2.859320054,0.0285327,0.017688332,0.04641391,,
47.25790609,0.745278571,0.118113582,0.285437753,2.85926358,0.027991198,0.015052978,0.048262952,,
49.81003488,0.689856188,0.126871357,0.300852611,2.86535216,0.032733426,0.021912405,0.050164821,,
35.01282187,0.647137235,0.072085681,0.211477444,2.852182427,0.030682649,0.021099274,0.045326002,,
89.83780622,0.723826705,0.086362337,0.54262035,2.867491929,0.035713499,0.019232168,0.060271312,,
87.88564713,0.640550596,0.100624676,0.530829309,2.921992563,0.05180896,0.031001037,0.080889353,,
86.5570839,0.620838648,0.10937033,0.522804787,2.932941613,0.055081783,0.03160621,0.086480209,,
88.11765426,0.705098539,0.099018549,0.532230632,2.879524294,0.0391619,0.023517202,0.063179051,,
71.37111589,0.694621501,0.161004106,0.43108154,2.876949701,0.037344759,0.023893206,0.058091272,,
88.97314311,0.731964449,0.092890179,0.537397784,2.861935995,0.033962034,0.016995289,0.058869399,,
80.31242027,0.744875492,0.140729164,0.485087018,2.854584813,0.030683219,0.013881078,0.055235487,,
37.43393733,0.728579945,0.081270986,0.226100981,2.859771592,0.027956987,0.016602909,0.046742981,,
70.62993975,0.604539392,0.161554694,0.426604836,2.913769476,0.050203487,0.029023965,0.078066244,,
82.08610606,0.69859829,0.133387913,0.495800081,2.880729235,0.039117842,0.02434181,0.061951131,,
64.13454662,0.717304363,0.160118705,0.387372662,2.865643102,0.032828884,0.019939987,0.053049666,,
38.05041065,0.74798811,0.083628984,0.22982448,2.860759969,0.027134915,0.014546976,0.047468453,,
5.921121781,0.653497298,0.015299694,0.035763576,2.819929254,0.020091421,0.011936171,0.031656038,,
72.87272434,0.621633575,0.159395882,0.440151255,2.910279911,0.04874433,0.029121766,0.075398564,,
85.74685858,0.727916384,0.11433254,0.517911026,2.864325886,0.034346647,0.01815007,0.058533851,,
32.62169342,0.644597825,0.063225834,0.197035028,2.848943598,0.029862283,0.020597824,0.043984265,,
13.67154459,0.688280215,0.014865102,0.082576129,2.842081327,0.023788641,0.014628201,0.038383519,,
29.38534555,0.655867625,0.051789134,0.177487487,2.846778312,0.028394173,0.019566232,0.042261549,,
52.43601224,0.657801966,0.135226383,0.316713514,2.871939183,0.036259601,0.024385061,0.05451087,,
28.5236103,0.709171473,0.048885888,0.172282606,2.855485031,0.027146635,0.016993695,0.044053248,,
54.95568572,0.65144553,0.142467822,0.331932342,2.875872854,0.037742916,0.025098842,0.056857605,,
87.0167009,0.703042488,0.106431109,0.525580873,2.880385431,0.039340209,0.023888142,0.063098064,,
60.3661044,0.597429508,0.154771943,0.364611271,2.896662997,0.045844834,0.026777085,0.070342282,,
32.63934297,0.645715134,0.063290159,0.197141632,2.849103845,0.02983533,0.02058776,0.043949313,,
84.21776743,0.644843251,0.12295061,0.508675315,2.914432234,0.049563728,0.03026582,0.076975195,,
50.90717418,0.71171877,0.13045223,0.307479332,2.863152971,0.03114059,0.019789177,0.049646149,,
11.55351587,0.644145087,0.013441603,0.069783236,2.822381028,0.021783901,0.013813691,0.033034175,,
44.90829047,0.693745702,0.109625016,0.271246074,2.862081544,0.031264799,0.020851556,0.048314905,,
58.82728004,0.702334397,0.151780157,0.355316771,2.867992541,0.033593511,0.021621492,0.052569436,,
75.44289292,0.697651015,0.155036513,0.455675073,2.877799941,0.037807148,0.023903971,0.05933242,,
84.2829108,0.689072497,0.122603043,0.509068781,2.887610785,0.04137098,0.025949265,0.06464978,,
28.56745203,0.659558782,0.049031934,0.17254741,2.84654435,0.028042859,0.01925212,0.041875088,,
13.99611277,0.653286255,0.01517613,0.084536521,2.828923096,0.022959856,0.01491398,0.034916499,,
6.644577797,0.683049279,0.014564469,0.04013325,2.835009776,0.021772311,0.012678315,0.035848381,,
66.45191424,0.605112203,0.16184926,0.401369562,2.905812285,0.04802446,0.028158608,0.074205432,,
71.56424274,0.731477567,0.160834594,0.432248026,2.861475029,0.031954443,0.01749805,0.053864641,,
36.84358142,0.723619036,0.079018236,0.222535232,2.859398049,0.028092968,0.017024592,0.046405686,,
35.63328665,0.649097462,0.074424113,0.215225051,2.853102258,0.030838543,0.021238573,0.045693102,,
85.88133285,0.683397056,0.113528154,0.51872325,2.892211038,0.042850319,0.026933213,0.066599286,,
82.50131926,0.74025463,0.131495443,0.498307968,2.856924785,0.031693236,0.014999092,0.056149578,,
20.99393117,0.637466686,0.027160196,0.126803344,2.832327365,0.025376955,0.017112591,0.037328608,,
70.2726883,0.71072604,0.161764197,0.424447037,2.869803606,0.034777714,0.021428306,0.055662866,,
56.04303566,0.608073069,0.1453216,0.338499935,2.886061315,0.042504049,0.025950876,0.06462505,,
13.88004652,0.676636706,0.015062155,0.083835481,2.837742495,0.023534044,0.014850338,0.037129215,,
32.10939424,0.732745597,0.061366857,0.193940741,2.85986298,0.027147676,0.015637329,0.046151716,,
15.97256472,0.681045965,0.017572846,0.096474291,2.840998085,0.024221302,0.015405006,0.038245574,,
26.56404349,0.69108894,0.042556474,0.160446823,2.85101242,0.026992456,0.017675881,0.04244418,,
55.37710582,0.736428674,0.143594495,0.334477719,2.85978148,0.029508616,0.016544462,0.049851088,,
33.77389239,0.706510116,0.067460977,0.20399431,2.857073061,0.028223763,0.018026614,0.045141529,,
35.46535679,0.703477322,0.073789933,0.214210755,2.857484694,0.028672868,0.018554821,0.045484591,,
48.56825634,0.686441354,0.122679204,0.293352268,2.864909833,0.032694469,0.022019668,0.049948519,,
7.850172496,0.693693028,0.013677358,0.047415042,2.840854607,0.022568024,0.012985672,0.037813961,,
66.49175609,0.720256564,0.161867779,0.401610207,2.865182291,0.032824346,0.019562412,0.053578574,,
36.15385801,0.747568668,0.076395448,0.218369302,2.861082045,0.027017058,0.014511831,0.04729449,,
43.23573794,0.718952625,0.103400179,0.261143857,2.860504287,0.029307017,0.018210185,0.047500752,,
87.6869756,0.705292731,0.101981244,0.529629333,2.879217888,0.039037518,0.023451523,0.062958151,,
30.99301995,0.616290784,0.05737481,0.18719784,2.842753989,0.029952505,0.019946968,0.043781012,,
58.33970424,0.722337708,0.150742993,0.352371814,2.863038424,0.031339048,0.018875389,0.051063794,,
35.32538856,0.709720724,0.073262055,0.213365347,2.857962437,0.028405242,0.018034575,0.045684182,,
80.48544468,0.71507925,0.140065177,0.486132086,2.870858754,0.035892208,0.021128031,0.05864587,,
76.20806403,0.631158612,0.153328334,0.460296707,2.910941692,0.048713716,0.02949093,0.075327292,,
21.74618446,0.735775839,0.028978385,0.131346954,2.860418487,0.0259423,0.014173074,0.045204162,,
62.25711413,0.610336981,0.157824666,0.376032969,2.896542562,0.045295924,0.027258595,0.069471437,,
5.865479631,0.634662036,0.015362672,0.035427497,2.810610704,0.019120172,0.011087192,0.029815676,,
86.68668506,0.698366447,0.108550709,0.523587578,2.883222265,0.040174691,0.024725888,0.063904037,,
31.40910972,0.700029971,0.058852732,0.189711023,2.855226085,0.027931383,0.018090381,0.044359013,,
74.86584953,0.643953303,0.156197868,0.452189731,2.902879631,0.046131546,0.028923979,0.071070175,,
28.65882295,0.704356477,0.049336895,0.173099291,2.854669,0.027259578,0.017331121,0.043775216,,
56.94936671,0.655561992,0.147563103,0.343974175,2.877315254,0.03803905,0.025333133,0.057475032,,
88.52317128,0.59522731,0.096154178,0.534679955,2.953542283,0.061060771,0.032358353,0.097451441,,
78.90748768,0.620501514,0.145713707,0.476601226,2.920632076,0.051663588,0.030245751,0.080456296,,
14.43293189,0.732535404,0.015632258,0.087174909,2.859300738,0.025072746,0.013271407,0.044444226,,
49.27395898,0.629851188,0.125078809,0.297614712,2.871579472,0.037419597,0.024547641,0.05593426,,
31.36786039,0.612768849,0.058705671,0.189461877,2.842875644,0.030220698,0.019977919,0.044207472,,
39.09049665,0.701350414,0.087614422,0.2361066,2.858998134,0.029522587,0.019305927,0.046512241,,
30.16648163,0.663773922,0.054477156,0.182205549,2.848886811,0.028486997,0.01953625,0.042726468,,
30.23633234,0.71914955,0.05471998,0.182627447,2.857668608,0.02724008,0.016522566,0.044879812,,
48.82979194,0.729240832,0.123573617,0.294931943,2.860680088,0.029382201,0.017389716,0.048798107,,
17.27676082,0.726835869,0.019604178,0.104351635,2.857453835,0.02531562,0.014037353,0.043787625,,
48.36558827,0.643904235,0.121982097,0.292128153,2.868881102,0.035941626,0.024093192,0.053643448,,
25.10688935,0.673862948,0.038127211,0.151645612,2.846186383,0.026767592,0.018023854,0.040934863,,
26.00846138,0.696362054,0.040837896,0.157091107,2.851814531,0.026803944,0.017290843,0.042584422,,
66.48732261,0.645300568,0.161865738,0.401583429,2.891608328,0.042730551,0.027444539,0.065134355,,
2.66342432,0.601595053,0.020596729,0.016087083,2.788604573,0.015809374,0.006775149,0.027245814,,
34.28511864,0.672325378,0.069361336,0.207082117,2.85382864,0.029524892,0.020177257,0.044690606,,
36.67809421,0.597194533,0.078387947,0.221535689,2.850861977,0.033421793,0.021040276,0.04949507,,
43.65991257,0.743120459,0.104990349,0.263705872,2.859862826,0.027842577,0.015336103,0.047848122,,
60.21099223,0.719163975,0.154490357,0.363674393,2.864196575,0.031976292,0.019459616,0.051766831,,
33.27181045,0.625076721,0.065606823,0.200961735,2.847522129,0.030737231,0.0207194,0.04505075,,
19.18233939,0.639946164,0.02316764,0.11586133,2.830651001,0.024670433,0.016541461,0.0364753,,
79.63855565,0.748129678,0.143209762,0.481016876,2.852944805,0.030069877,0.013072561,0.054704065,,
88.2934764,0.653324155,0.09778557,0.533292597,2.913993385,0.049442361,0.030344833,0.076993247,,
1.801322386,0.717147199,0.022568278,0.010879987,2.850375959,0.022619923,0.011048157,0.041038322,,
49.18201659,0.664724487,0.12476869,0.29705938,2.867671978,0.034589761,0.023456996,0.05208054,,
30.75321412,0.729653326,0.05652874,0.185749413,2.859360749,0.027064595,0.015753041,0.045739926,,
24.92906178,0.704704046,0.037604439,0.150571533,2.853167163,0.026501367,0.016570163,0.042893176,,
30.21357518,0.598764805,0.054640826,0.182489994,2.83871848,0.029988326,0.019186637,0.044097091,,
57.49899808,0.641007066,0.148858621,0.347293948,2.881216312,0.039760724,0.025933376,0.060137368,,
17.16444092,0.682023604,0.019415798,0.103673223,2.842219532,0.024562645,0.015719645,0.038792471,,
82.15746405,0.739312681,0.133067438,0.496231083,2.857487862,0.031829732,0.015279271,0.056077388,,
41.95030724,0.611075852,0.098543334,0.253379856,2.860917021,0.035384451,0.022756115,0.052607579,,
29.30191498,0.688740891,0.051505116,0.176983566,2.852280714,0.027703947,0.018318884,0.043269758,,
68.89781984,0.642218699,0.162240154,0.416142832,2.895861413,0.044077715,0.027960954,0.067461007,,
1.471199871,0.733579403,0.023389003,0.008886047,2.859494116,0.023613407,0.010691184,0.044175757,,
38.86675792,0.714260391,0.086756729,0.234755218,2.859368042,0.028843471,0.018140337,0.046437983,,
31.97732409,0.652725744,0.060890247,0.193143038,2.849212498,0.029386674,0.020266455,0.043609285,,
30.4388919,0.621201252,0.055426337,0.183850907,2.842595958,0.029577577,0.019866084,0.043196907,,
30.33642259,0.596989085,0.055068605,0.183231992,2.838675266,0.030093558,0.019150873,0.044271623,,
2.814423997,0.691848521,0.02027666,0.016999121,2.836990113,0.021275625,0.01153639,0.036498153,,
13.69047627,0.658392864,0.014882585,0.082690477,2.830546481,0.022988423,0.014864525,0.03523389,,
12.76966434,0.64417611,0.01412843,0.077128773,2.823916702,0.02225193,0.014263346,0.033632849,,
88.97494543,0.748544157,0.092876924,0.53740867,2.850916783,0.030647373,0.012079084,0.056974903,,
1.99491803,0.667731716,0.022104018,0.012049305,2.823294371,0.019579136,0.010875218,0.032122325,,
15.03662907,0.711874993,0.016332241,0.09082124,2.851671945,0.02467117,0.014294983,0.041751717,,
87.67570578,0.622805372,0.102057679,0.529561263,2.93346659,0.055204478,0.031746448,0.086670787,,
56.54309344,0.597293638,0.146574232,0.341520284,2.889253216,0.043852158,0.025984409,0.066887874,,
40.56004085,0.660172744,0.093243438,0.244982647,2.859148239,0.032058836,0.022015085,0.047885365,,
7.088483974,0.698777448,0.014189268,0.042814443,2.842855376,0.022627295,0.012732409,0.038438892,,
60.26950455,0.674026757,0.154597117,0.364027807,2.876130713,0.037105547,0.024681277,0.056362083,,
12.40226889,0.73375655,0.013883238,0.074909704,2.859737018,0.02487132,0.012897297,0.044567207,,
60.40675099,0.662727187,0.154844971,0.364856776,2.879262196,0.03843231,0.025458553,0.058274357,,
88.12588475,0.643592038,0.098961136,0.532280344,2.920286037,0.051303524,0.030909492,0.080025842,,
47.87753928,0.737737174,0.120289484,0.289180337,2.859846667,0.028614166,0.016183259,0.048435511,,
19.26761891,0.658498435,0.023342804,0.116376418,2.83648737,0.024892143,0.016604295,0.037540984,,
56.27553758,0.637157207,0.145908819,0.339904247,2.880401834,0.0396696,0.025826196,0.059928383,,
46.1636719,0.610396064,0.114203655,0.278828578,2.868272502,0.037470842,0.023770453,0.056147819,,
47.98262372,0.718639001,0.120655553,0.289815047,2.861580369,0.030084098,0.018671749,0.048586121,,
43.02962515,0.723584231,0.102625038,0.259898936,2.860358851,0.028989566,0.017673418,0.047545338,,
60.63665168,0.600381135,0.155252051,0.366245376,2.896387967,0.045648759,0.026859926,0.070061891,,
51.47508262,0.651005255,0.132256341,0.310909499,2.87185446,0.036520907,0.024463912,0.054736453,,
88.82955697,0.711880776,0.093941554,0.536530524,2.875294496,0.037951528,0.022063239,0.062060774,,
74.32770789,0.742457015,0.157184335,0.448939356,2.856548654,0.030578019,0.014915517,0.053584964,,
23.82285399,0.653988525,0.034445071,0.143890038,2.840206507,0.026460957,0.018035284,0.039386919,,
65.31808697,0.730891514,0.1611607,0.394521245,2.861389151,0.031274606,0.01764386,0.052186664,,
19.28703144,0.656462895,0.023382858,0.11649367,2.835879843,0.024878265,0.016605185,0.037432832,,
70.41117673,0.623129364,0.161687254,0.425283507,2.905697905,0.047416509,0.028656236,0.073173882,,
13.2801876,0.59573622,0.014522175,0.080212333,2.805706991,0.02108342,0.012123128,0.032467035,,
42.61984502,0.646576167,0.10107958,0.257423864,2.86151497,0.033569619,0.022849377,0.049814078,,
71.15455785,0.654090718,0.161181307,0.429773529,2.893826068,0.043221505,0.027714497,0.066127357,,
25.21014321,0.742260287,0.038432586,0.152269265,2.861845911,0.026265809,0.01415768,0.045976867,,
75.34072126,0.627264531,0.155250026,0.455057956,2.911541078,0.048965208,0.029450599,0.075826369,,
57.97356381,0.654675098,0.149937041,0.350160325,2.87866435,0.038491659,0.025538127,0.058299062,,
35.77700962,0.599113983,0.074967579,0.216093138,2.849284826,0.032872151,0.020838661,0.048587432,,
38.10750384,0.714006783,0.083847581,0.230169323,2.859138665,0.028724106,0.018056815,0.046277253,,
83.33923805,0.737595976,0.127470666,0.503368998,2.858417512,0.032258795,0.015700749,0.056632486,,
19.60119,0.632204893,0.024040379,0.118391188,2.82885177,0.024765996,0.016519511,0.036472824,,
62.40263537,0.661951639,0.158029494,0.376911918,2.881518391,0.039180097,0.025835529,0.059548207,,
63.65647852,0.614200724,0.159607521,0.38448513,2.897797134,0.045498262,0.027539616,0.069769008,,
83.02047239,0.666283593,0.129034443,0.501443653,2.900214732,0.045204411,0.028461239,0.069866609,,
64.18478419,0.615948087,0.160169451,0.387676096,2.898137947,0.045530027,0.027598918,0.069749838,,
52.60206763,0.676633026,0.135728629,0.317716488,2.869175443,0.034615607,0.023347894,0.052485083,,
81.22702851,0.709507189,0.137092463,0.490611252,2.87418003,0.037002476,0.022293538,0.059822726,,
74.62188267,0.681300136,0.156656546,0.450716171,2.885019304,0.040186091,0.025885347,0.061960316,,
64.50988094,0.633356166,0.160484019,0.389639681,2.892999921,0.043485435,0.027397607,0.066371785,,
2.932054415,0.650250655,0.020032486,0.017709609,2.814850522,0.018834898,0.010588653,0.03015792,,
33.61683764,0.694561918,0.06687963,0.203045699,2.855694511,0.028588614,0.018857464,0.044775345,,
56.8700705,0.686965943,0.147372158,0.343495226,2.870425286,0.034770813,0.023097299,0.053235951,,
47.00254719,0.616482157,0.117208551,0.283895385,2.8692666,0.037431322,0.024035625,0.056049396,,
28.73864938,0.726674138,0.049603968,0.173581442,2.85868631,0.026864796,0.015716903,0.045064632,,
12.9981524,0.669139395,0.014297086,0.07850884,2.834062702,0.023064098,0.014651673,0.035983495,,
49.76969244,0.620464651,0.126737404,0.300608942,2.873404936,0.038399089,0.024683626,0.057627186,,
25.73258183,0.61431181,0.039997948,0.155424794,2.833658191,0.027508997,0.018208666,0.040210786,,
20.97004408,0.745439856,0.027103952,0.126659066,2.863211047,0.025906796,0.013464308,0.046173961,,
35.90624043,0.639006863,0.075456776,0.216873692,2.852641263,0.031343068,0.021415238,0.046130021,,
70.69422899,0.736577162,0.161513161,0.426993143,2.859348392,0.031110588,0.016390421,0.053188685,,
43.90681521,0.659087072,0.105912604,0.265197164,2.86268131,0.03325226,0.022752824,0.049750868,,
19.48429894,0.655249375,0.023793692,0.117685166,2.835723218,0.024935214,0.016681851,0.037459734,,
10.52128281,0.704264548,0.013145811,0.063548548,2.84694288,0.023580823,0.013508465,0.039928151,,
44.90885374,0.59673784,0.109627091,0.271249477,2.866737133,0.037778316,0.023203414,0.056639705,,
71.49297586,0.64780673,0.160898412,0.431817574,2.89688792,0.044266687,0.028165376,0.067695111,,
58.75362213,0.642291673,0.151626153,0.354871878,2.882562979,0.040114626,0.026149241,0.060759574,,
20.89339921,0.730276063,0.026924117,0.126196131,2.858844177,0.025821484,0.01438444,0.04453858,,
39.30359271,0.677531623,0.088431327,0.2373937,2.858368252,0.030764628,0.020958367,0.046633027,,
76.9707327,0.651927116,0.151431225,0.464903226,2.901572444,0.04563542,0.028791668,0.070197543,,
15.98903171,0.636601941,0.017596328,0.096573752,2.825276711,0.023336611,0.01530876,0.034728744,,
47.88725136,0.687083326,0.120323354,0.289238998,2.864390933,0.032470839,0.021852613,0.0496415,,
32.06083579,0.618800341,0.061191492,0.193647448,2.844845508,0.030380935,0.020297109,0.044463348,,
11.17617793,0.633509462,0.013302308,0.067504115,2.817454065,0.021271932,0.013321913,0.032132675,,
4.491352882,0.640886053,0.017215789,0.027127771,2.811889346,0.018893293,0.010764329,0.02975715,,
50.02842462,0.689790632,0.127593762,0.302171685,2.865497506,0.032792637,0.021940099,0.050276664,,
1.867398637,0.653278472,0.02240841,0.011279088,2.815265251,0.018634993,0.010283885,0.030176581,,
9.310150502,0.673899881,0.013149037,0.056233309,2.832832946,0.02211642,0.013496991,0.035286419,,
31.2807853,0.696408194,0.058395622,0.188935943,2.854646611,0.027998144,0.018285157,0.044179565,,
3.916816682,0.743995861,0.01816367,0.023657573,2.865021433,0.024480966,0.010894119,0.04613697,,
36.04007038,0.714208699,0.075963889,0.217682025,2.858554954,0.028357122,0.017774761,0.045838993,,
11.73285218,0.658257955,0.013520216,0.070866427,2.828419904,0.022316147,0.014212644,0.034406732,,
31.48857816,0.711631648,0.059136383,0.190191012,2.856888451,0.027638747,0.017301742,0.044774437,,
71.20437184,0.742972415,0.161141747,0.430074406,2.856673679,0.030228267,0.014961576,0.052755735,,
56.372791,0.672903613,0.146151977,0.340491658,2.873036326,0.036073973,0.024193217,0.054744363,,
40.086097,0.659073323,0.091429721,0.242120026,2.858631854,0.031957532,0.021944379,0.047689992,,
8.264997707,0.60733971,0.013467475,0.049920586,2.801429477,0.018927771,0.010428738,0.029799437,,
55.72346934,0.73405283,0.144501067,0.336569755,2.860246973,0.029782277,0.016923143,0.049969677,,
14.73386873,0.633545174,0.015971198,0.088992567,2.822441418,0.02275327,0.01473772,0.033950291,,
6.892770948,0.605151849,0.014347644,0.041632337,2.797993626,0.018144774,0.009549641,0.02912148,,
59.75964157,0.678788863,0.15364512,0.360948235,2.874469133,0.036422768,0.024198812,0.055478403,,
82.0853908,0.726821985,0.133391115,0.49579576,2.864601161,0.034060729,0.018489914,0.05746597,,
41.45340931,0.658472415,0.096653503,0.250378592,2.860080226,0.032455278,0.022276664,0.0485003,,
3.689631955,0.717045298,0.018567236,0.022285377,2.850784961,0.022923972,0.011540119,0.041222078,,
79.22679457,0.725343219,0.144643818,0.478529839,2.865068639,0.033927206,0.018869114,0.056786465,,
6.027638951,0.665905194,0.015181711,0.036406939,2.826135496,0.020750041,0.012304742,0.033141115,,
78.07619184,0.687152608,0.148328541,0.471580199,2.884599727,0.040148176,0.025576657,0.062319523,,
35.26374359,0.678276754,0.073029776,0.212993011,2.855200622,0.02959105,0.020121059,0.045090224,,
32.88550848,0.741338876,0.064189194,0.198628471,2.860920497,0.026972928,0.014940925,0.046655106,,
48.85176415,0.708088685,0.123648489,0.295064655,2.862865401,0.03105655,0.019973063,0.049075668,,
86.13763357,0.739183341,0.11197394,0.520271307,2.857311322,0.032241758,0.015071396,0.057390482,,
80.88664906,0.629433553,0.138482568,0.48855536,2.91883102,0.050996649,0.030289207,0.07930468,,
42.32970795,0.643472854,0.099982104,0.255671436,2.86119306,0.033644552,0.022851589,0.049829959,,
62.62409079,0.606234136,0.158332676,0.378249508,2.898421577,0.045968769,0.027352365,0.070559537,,
52.23863271,0.672985678,0.134625097,0.315521342,2.869429969,0.034837054,0.023553234,0.052770766,,
62.41154212,0.731182525,0.158041887,0.376965714,2.861148842,0.03088315,0.01750481,0.051447029,,
74.63947141,0.646057346,0.156624116,0.450822407,2.90159562,0.045714687,0.028783026,0.070281879,,
3.104444598,0.615160696,0.019682778,0.018750845,2.796533129,0.016833441,0.008330255,0.027672058,,
29.31838685,0.605850237,0.051561142,0.177083057,2.838225528,0.029379226,0.019139178,0.0429954,,
86.33961974,0.664831042,0.110729509,0.521491303,2.904370324,0.0465367,0.029025221,0.072105516,,
85.44026777,0.620721783,0.116138134,0.516059217,2.93118855,0.05459651,0.031418232,0.085595437,,
1.009880098,0.649053787,0.024597816,0.006099676,2.811945007,0.01805401,0.009683957,0.029315938,,
18.12961169,0.722788858,0.021114523,0.109502855,2.856224245,0.025375806,0.014362035,0.043319958,,
89.43930381,0.654957773,0.089412916,0.540213395,2.914206207,0.049521859,0.030409781,0.07711777,,
44.35425683,0.690095915,0.107577133,0.267899711,2.861910005,0.031373771,0.021025216,0.048231557,,
51.55794036,0.673336105,0.132516599,0.31140996,2.868789845,0.034604219,0.023402714,0.052410971,,
14.9778167,0.70700378,0.016260545,0.090466013,2.849849201,0.024548283,0.014443158,0.041006405,,
80.49020479,0.619499268,0.140046752,0.486160837,2.923779668,0.052559016,0.030545128,0.082061573,,
20.81378697,0.738420625,0.026738338,0.125715273,2.861199182,0.0258561,0.013879658,0.045379883,,
17.0682867,0.695349263,0.01925651,0.103092452,2.846684764,0.024759954,0.015329715,0.040164036,,
20.5310163,0.637360401,0.026086951,0.124007338,2.831671887,0.025189167,0.016945162,0.037105807,,
82.76595324,0.614378277,0.1302542,0.499906358,2.930571564,0.054530173,0.031161233,0.085586538,,
63.25620365,0.618497298,0.159140644,0.38206747,2.895785076,0.044782362,0.02734941,0.068611744,,
69.1736755,0.716982351,0.162186045,0.417809,2.866999039,0.033698564,0.020247937,0.054657116,,
33.93327224,0.686709924,0.068052142,0.204956964,2.855042032,0.028929578,0.019414465,0.044679456,,
81.82593134,0.65444599,0.134539721,0.494228625,2.905844415,0.046937032,0.029337271,0.072612591,,
71.04671571,0.646999372,0.1612645,0.429122163,2.896676267,0.044218009,0.028132086,0.067640828,,
67.55376263,0.728355945,0.16221544,0.408024726,2.862435124,0.031892146,0.018155149,0.05301307,,
87.38462553,0.731313049,0.104012661,0.527803138,2.86229446,0.033899411,0.017218149,0.058512474,,
32.95771477,0.685644373,0.064453553,0.199064597,2.85426008,0.028713182,0.019263349,0.044289596,,
54.98762821,0.676819057,0.142554116,0.332125274,2.871088052,0.035280178,0.023703885,0.05349704,,
81.89367291,0.722239315,0.134242337,0.494637784,2.867180111,0.034853307,0.019595333,0.057955026,,
71.18000489,0.711796554,0.161161188,0.42992723,2.869662463,0.03478753,0.021314154,0.055888011,,
50.70410624,0.657490599,0.129798734,0.306252802,2.870106114,0.035692019,0.024064103,0.053601204,,
6.85923163,0.608074139,0.014375897,0.041429759,2.799321851,0.018266816,0.009784919,0.029185974,,
58.74510956,0.714778617,0.151608293,0.354820462,2.86493918,0.032221951,0.020021706,0.051602399,,
47.39000012,0.62144988,0.118579877,0.286235601,2.869498462,0.037241746,0.024135579,0.055627988,,
16.57624153,0.597748247,0.018470272,0.100120499,2.812701568,0.022866914,0.013848212,0.034399836,,
79.4027811,0.726417896,0.14403843,0.479592798,2.864519792,0.033767871,0.018606166,0.056728742,,
30.89237354,0.685176298,0.057019196,0.186589936,2.852774267,0.028189855,0.018872834,0.043592874,,
34.87319042,0.733943235,0.071561314,0.21063407,2.860049489,0.027427096,0.015791826,0.046500879,,
60.51613939,0.670601906,0.155039933,0.365517482,2.87726014,0.0375691,0.024961476,0.057088155,,
43.99188678,0.739360459,0.106229769,0.265710996,2.859955462,0.028113136,0.015819865,0.047866857,,
8.035296865,0.650278004,0.013577749,0.048533193,2.820813224,0.020702296,0.012655293,0.032144856,,
34.86974556,0.707935624,0.071548386,0.210613263,2.857637614,0.028386128,0.018101198,0.045516387,,
8.501950614,0.642033501,0.013369066,0.051351782,2.817600401,0.020521946,0.01251706,0.03165418,,
17.16753628,0.595381066,0.019420956,0.103691919,2.813024091,0.023137742,0.013966715,0.034790344,,
0.645699452,0.65428825,0.025603592,0.003900025,2.814462209,0.018266271,0.009802757,0.029856435,,
16.31817733,0.709996314,0.018077474,0.098561791,2.851419798,0.024866104,0.014621049,0.041596739,,
29.74026186,0.618543762,0.053004098,0.179631182,2.841057061,0.029317895,0.019603868,0.042805038,,
48.43965904,0.673747196,0.122237275,0.292575541,2.866061431,0.033648856,0.022855139,0.050929559,,
82.73494901,0.628237223,0.130401042,0.499719092,2.922321364,0.052005191,0.030611772,0.081116198,,
48.62941805,0.606811513,0.122888895,0.293721685,2.87294352,0.038949542,0.02431664,0.05863389,,
63.50431872,0.691275528,0.159434182,0.383566085,2.873546132,0.035932001,0.023464939,0.055542375,,
32.19093822,0.743326162,0.061661679,0.194433267,2.861244272,0.026852319,0.014692598,0.04673362,,
67.64677142,0.643545576,0.162232294,0.408586499,2.893728093,0.043409932,0.0276843,0.066301782,,
55.84218714,0.685548487,0.14480769,0.33728681,2.870021438,0.034650529,0.023087972,0.052894333,,
41.38146119,0.743580684,0.096379408,0.249944026,2.860132587,0.027621019,0.015228633,0.047604308,,
17.43919154,0.696415209,0.019880985,0.105332717,2.847245974,0.02486185,0.015382244,0.040309832,,
27.31868172,0.69993643,0.044946323,0.165004838,2.85322451,0.027050489,0.017328613,0.043119553,,
55.88514786,0.623041276,0.144918127,0.337546293,2.882733367,0.040926132,0.025920944,0.061953398,,
38.34506919,0.671850066,0.084757459,0.231604218,2.85735078,0.030762003,0.021112517,0.046414182,,
80.04479011,0.652318075,0.141734355,0.483470532,2.904977539,0.04667639,0.029227612,0.072089686,,
21.13562444,0.668480886,0.02749573,0.127659172,2.841293719,0.025573719,0.017051645,0.038928861,,
6.576538703,0.719808615,0.014627047,0.039722294,2.852845079,0.023532253,0.01217368,0.041900666,,
53.04137189,0.666884762,0.137041081,0.320369886,2.871117842,0.035634759,0.024028799,0.05384727,,
79.74457562,0.604979566,0.142830537,0.481657237,2.93051451,0.054716384,0.030712257,0.086007,,
32.82651265,0.736102282,0.063973418,0.198272136,2.860290097,0.027128483,0.015404331,0.04641953,,
58.29402014,0.679973352,0.150643691,0.352095882,2.873035084,0.035885543,0.023879865,0.054689646,,
20.827136,0.739051322,0.026769416,0.125795901,2.861381195,0.025860858,0.013838548,0.045461491,,
50.26247295,0.684258362,0.128362758,0.303585337,2.866326636,0.033311043,0.022436772,0.050774337,,
70.81128908,0.606035411,0.161434518,0.427700186,2.913480199,0.050077563,0.02903286,0.077820094,,
78.03284389,0.681226478,0.148458199,0.471318377,2.887633152,0.041126582,0.026334256,0.06352436,,
9.460721687,0.684784978,0.013127547,0.057142759,2.83780379,0.022592671,0.01350206,0.0368475,,
32.07370647,0.628551285,0.061237959,0.193725187,2.846146487,0.030109308,0.020416856,0.044076016,,
57.56799977,0.668492125,0.149017761,0.347710719,2.875075259,0.036893947,0.024674797,0.055812698,,
3.125058128,0.666689099,0.019641608,0.018875351,2.823787973,0.019871603,0.011279712,0.032304586,,
62.15536801,0.692119529,0.157678831,0.375418423,2.872476068,0.035504941,0.023232847,0.054930174,,
47.52304945,0.635595954,0.119048229,0.287039219,2.86851046,0.036240699,0.024074414,0.054004105,,
25.97096513,0.685720054,0.040723203,0.156864629,2.849487588,0.026902646,0.017800226,0.041908115,,
73.31890055,0.632692138,0.15878737,0.442846159,2.905983023,0.047256703,0.028982688,0.072810645,,
26.10456411,0.664666884,0.04113261,0.157671567,2.845059826,0.02715778,0.018499789,0.040968522,,
89.22735416,0.614293007,0.091006074,0.538933219,2.941814944,0.057608629,0.032227607,0.09083884,,
73.47331702,0.601003965,0.158562535,0.443778835,2.92067586,0.052176657,0.029613785,0.081608051,,
63.71824512,0.645083385,0.159676427,0.384858201,2.888171453,0.041703519,0.026939979,0.063381489,,
5.521280217,0.637923364,0.015772903,0.033348533,2.811752279,0.019146259,0.011092915,0.029939714,,
81.38793348,0.658519228,0.136420065,0.491583118,2.903031326,0.046061141,0.028969589,0.071204305,,
71.10497752,0.744884496,0.161219971,0.429474064,2.855892661,0.029940366,0.014541101,0.05268697,,
20.61225714,0.676458878,0.026272737,0.124498033,2.843130769,0.025459546,0.016755507,0.039309284,,
35.30233632,0.681274295,0.073175178,0.213226111,2.855490582,0.029487417,0.019975034,0.045086226,,
24.17683965,0.741713122,0.03543833,0.146028111,2.861822708,0.026177,0.014059141,0.045935222,,
88.59744308,0.738530495,0.095621653,0.535128556,2.857587304,0.032611841,0.015119597,0.058123076,,
76.87768003,0.73276782,0.151673225,0.464341187,2.861074475,0.032385967,0.017142583,0.055280438,,
83.72027724,0.610447982,0.125548296,0.505670475,2.934606547,0.055705892,0.031409365,0.087663528,,
70.98968127,0.693896677,0.161307146,0.428777675,2.877035655,0.037361908,0.02394363,0.058124112,,
41.0713417,0.720940201,0.095196803,0.248070904,2.860038437,0.028853158,0.017789139,0.047056709,,
18.48908248,0.725215422,0.021792591,0.111674058,2.857065389,0.025458949,0.014305902,0.043733161,,
18.72721412,0.685122351,0.02225501,0.113112373,2.844349013,0.025020928,0.01603066,0.039584651,,
13.65145635,0.597922307,0.014846642,0.082454796,2.807253344,0.021339316,0.012472065,0.032711458,,
49.19845953,0.746709727,0.124824208,0.297158696,2.858821272,0.028030535,0.014866731,0.048594704,,
82.79698706,0.668673807,0.130106839,0.500093802,2.898594816,0.044700093,0.028260951,0.069028319,,
89.2618263,0.656443521,0.090748339,0.539141431,2.912990857,0.049161136,0.030250815,0.076515461,,
25.856982,0.65665402,0.040375576,0.156176171,2.843072549,0.027155965,0.018600341,0.040480627,,
62.75830863,0.661197877,0.158511381,0.379060184,2.882110111,0.039388775,0.025957036,0.059895998,,
53.7388214,0.63288332,0.139074754,0.324582481,2.877649911,0.039042547,0.025403595,0.058739862,,
44.00425052,0.646133112,0.106275837,0.265785673,2.863241593,0.034119749,0.02314886,0.050715696,,
59.91917794,0.748521644,0.15394825,0.361911835,2.856549886,0.028631072,0.014294807,0.050310114,,
33.42267171,0.652486941,0.066162603,0.201872937,2.850840077,0.029912208,0.02065161,0.044383646,,
85.00362976,0.677158413,0.118642016,0.513421924,2.895421944,0.043789691,0.027668164,0.06794191,,
63.49039809,0.727194588,0.159418069,0.383482004,2.86243228,0.031505623,0.018256161,0.051946718,,
67.87809828,0.677267767,0.162264563,0.409983714,2.881435523,0.038900824,0.025487656,0.059581271,,
21.81798855,0.645684952,0.029156619,0.131780651,2.835684998,0.025730113,0.017454517,0.038053494,,
15.17238031,0.676695652,0.016500589,0.091641177,2.838807543,0.0239052,0.015234471,0.037504992,,
35.49067138,0.61295183,0.073885475,0.214363655,2.849901896,0.032186944,0.021100797,0.047290607,,
69.00052368,0.615429082,0.162222402,0.416763163,2.906473428,0.047861418,0.028522779,0.073921865,,
84.49163188,0.703203132,0.121477797,0.510329457,2.879160184,0.038788581,0.023676156,0.062134233,,
38.45968434,0.737956878,0.085196582,0.232296493,2.860257663,0.027642611,0.015724148,0.047198107,,
69.67411132,0.708115518,0.162035198,0.420831632,2.87063661,0.035038008,0.021817248,0.055773013,,
42.33668575,0.60680982,0.100008528,0.255713582,2.861637328,0.035824724,0.022780077,0.053336409,,
26.57054246,0.657890557,0.042576787,0.160486076,2.844105506,0.027388445,0.018778029,0.04083517,,
66.53386357,0.595597338,0.161886926,0.401864536,2.909358548,0.049324484,0.028192113,0.07661161,,
71.83819206,0.674743769,0.160575441,0.43390268,2.885731078,0.040400863,0.026255667,0.061997938,,
18.25567147,0.625262618,0.021349552,0.110264256,2.824707507,0.024109311,0.015846792,0.035625577,,
27.46525518,0.730283619,0.045417633,0.165890141,2.859252398,0.026639781,0.015309246,0.045149485,,
44.52991591,0.611434534,0.108228066,0.268960692,2.865375508,0.03660864,0.023414937,0.054655468,,
16.78696468,0.595423037,0.018801037,0.101393267,2.812307676,0.022936383,0.013785391,0.034552684,,
83.59508689,0.665398324,0.126186296,0.504914325,2.901303276,0.045549423,0.028631754,0.070444759,,
53.22005213,0.619385422,0.137568022,0.321449115,2.879138145,0.040070041,0.025350485,0.060520654,,
10.90829496,0.710030681,0.013225117,0.065886102,2.849568278,0.023863001,0.013426843,0.040926532,,
16.56268782,0.738341844,0.018449305,0.100038634,2.86139377,0.0254296,0.013268415,0.045181255,,
85.89198108,0.601725555,0.113464135,0.518787566,2.944070882,0.058423433,0.031930759,0.092624603,,
66.43517271,0.656752577,0.161841362,0.401268443,2.88749751,0.041198897,0.026862214,0.062849866,,
66.09645761,0.75030441,0.161666818,0.399222604,2.854740832,0.028827169,0.013710039,0.051365796,,
6.52487346,0.709203759,0.014675471,0.039410236,2.847655691,0.023009567,0.012407666,0.040046286,,
80.57689539,0.743515997,0.139709731,0.486684448,2.855290511,0.030941925,0.014217777,0.055327956,,
39.93618263,0.620731359,0.090855564,0.241214543,2.857638837,0.033906526,0.022359507,0.049984238,,
59.37455904,0.629644948,0.152894022,0.358622337,2.886570918,0.041757025,0.026560134,0.063314073,,
86.37202972,0.619288629,0.110528219,0.52168706,2.933638694,0.055295455,0.031605082,0.086859933,,
9.001114232,0.642248622,0.013212226,0.05436673,2.818335564,0.020725678,0.012738122,0.031886241,,
43.40488135,0.707914161,0.104035112,0.262165483,2.860837929,0.030024978,0.019357817,0.047582388,,
4.4651463,0.6208657,0.017256773,0.026969484,2.801661036,0.017787176,0.009491149,0.028384544,,
44.9590881,0.676770816,0.109812002,0.271552892,2.86293674,0.032419029,0.022051042,0.04910894,,
22.70334694,0.637089063,0.031419191,0.137128216,2.834536384,0.026068008,0.01767847,0.038268409,,
81.99589763,0.724222863,0.133790228,0.495255222,2.86606942,0.034513647,0.01911398,0.057737954,,
35.86432448,0.596225778,0.075298051,0.21662052,2.849223265,0.033032739,0.020740706,0.048832851,,
57.04852014,0.629916688,0.147800443,0.344573062,2.883057152,0.040733798,0.026120561,0.061572931,,
77.42585383,0.689375462,0.150204959,0.467652157,2.883034066,0.03961561,0.025186084,0.061637274,,
88.53226726,0.610248154,0.096089092,0.534734894,2.943351841,0.05808244,0.032260064,0.091853652,,
45.34374333,0.667758181,0.111223424,0.27387621,2.863736675,0.033145897,0.02261447,0.049877452,,
41.01819326,0.663073855,0.09499395,0.247749887,2.859645774,0.032051904,0.022011944,0.047962666,,
6.816568077,0.72785258,0.014412309,0.041172071,2.856796628,0.023952994,0.012040233,0.043253234,,
1.1465049,0.692511803,0.024232247,0.00692489,2.836368745,0.020917706,0.011082858,0.036224376,,
54.79218832,0.694737641,0.142023854,0.330944817,2.867577744,0.033487575,0.022072073,0.051678397,,
5.891791693,0.743301263,0.015332776,0.035586422,2.864416468,0.024610227,0.011321236,0.045951498,,
34.23410433,0.748055274,0.069171173,0.20677399,2.861478077,0.026861009,0.014342185,0.047129679,,
0.32457925,0.69686822,0.026528524,0.001960459,2.838380005,0.021014615,0.010827263,0.036896179,,
55.37047491,0.676423426,0.143576966,0.334437668,2.871477051,0.035428565,0.023793872,0.05370313,,
38.28736444,0.689792361,0.084536408,0.231255681,2.858104591,0.029897978,0.020045781,0.046174672,,
11.43186928,0.654708241,0.013392817,0.06904849,2.826622889,0.022093577,0.014051081,0.033927279,,
26.67308462,0.74884825,0.042897911,0.161105431,2.863059761,0.026314855,0.013802856,0.046571774,,
51.26946291,0.704901308,0.131607194,0.309667556,2.864205319,0.031794386,0.020629054,0.049879722,,
59.10420312,0.640480657,0.152350508,0.356989387,2.883471253,0.040450305,0.026270503,0.061303804,,
41.61022917,0.604188436,0.097250544,0.251325784,2.860339373,0.035613918,0.022494729,0.052951292,,
72.35632045,0.602158732,0.160024706,0.437032176,2.918029828,0.051429369,0.029370633,0.080225231,,
10.11963705,0.62708446,0.013104265,0.061122608,2.813198846,0.02059008,0.012570382,0.031320037,,
7.609115035,0.631441271,0.013821522,0.045959055,2.811510123,0.019693937,0.011669962,0.030352003,,
3.981984212,0.659781079,0.01805093,0.024051185,2.821010548,0.019754359,0.011353479,0.031696789,,
48.22450555,0.628630039,0.121494797,0.291276014,2.870147379,0.037065504,0.024323088,0.055394252,,
63.56085338,0.693369663,0.15949918,0.383907554,2.872929968,0.035687374,0.023226338,0.055328695,,
11.74692595,0.628071236,0.013526721,0.070951433,2.816018689,0.02133112,0.013305042,0.032099014,,
57.50510597,0.624433589,0.14887274,0.34733084,2.884974161,0.041505026,0.026219805,0.063000264,,
42.92529896,0.668524476,0.102232116,0.259268806,2.861450599,0.032342224,0.022143668,0.048652093,,
88.86100501,0.733476834,0.093712073,0.53672047,2.860927189,0.033646779,0.016537622,0.058753116,,
64.57262483,0.668068334,0.160541959,0.390018654,2.88175362,0.039123973,0.025785109,0.059593464,,
59.17260017,0.659594865,0.15248926,0.357402505,2.878790599,0.038372349,0.025484649,0.05817452,,
51.34047614,0.685151568,0.131831911,0.310096476,2.866966752,0.033517496,0.022535699,0.051152803,,
89.76295634,0.635222448,0.086940834,0.542168256,2.92821226,0.053628285,0.031475738,0.083864529,,
88.24132538,0.650194728,0.098152712,0.532977605,2.916022532,0.050042539,0.03059078,0.077922146,,
48.43036129,0.628472766,0.122205269,0.292519382,2.870469814,0.037166424,0.024370389,0.05556999,,
40.96650126,0.684173635,0.094796609,0.247437668,2.859748615,0.030868969,0.020848071,0.047080636,,
41.59034304,0.703713505,0.097174864,0.251205672,2.86016275,0.029916769,0.019507433,0.047173264,,
38.55081513,0.700027509,0.085545787,0.232846923,2.858691592,0.029471813,0.019338957,0.046386089,,
47.82584763,0.634849652,0.120109093,0.28886812,2.86899873,0.03642147,0.024162796,0.054267616,,
24.6225841,0.716513261,0.036712967,0.148720408,2.855824661,0.026368606,0.015807414,0.04363339,,
83.41099048,0.63502639,0.127113102,0.503802383,2.919278066,0.051053695,0.030530839,0.079441712,,
